District,Center,tempmax,tempmin,temp,feelslikemax,feelslikemin,feelslike,dew,humidity,precip,precipprob,precipcover,preciptype,snow,snowdepth,windgust,windspeed,winddir,sealevelpressure,cloudcover,visibility,solarradiation,solarenergy,uvindex,soiltemp01,soiltemp04,soiltemp10,soiltemp20,soilmoisture01,soilmoisture04,soilmoisture10,soilmoisturevol01,soilmoisturevol04,soilmoisturevol10,soilmoisturevol20,
Huye,Mukrua,25.3,15.2,19.7,25.3,15.2,19.7,15.6,80,3.4,100,79.17,rain,0,0,34.6,13,6.2,1013,50.1,,293.6,25.4,10,20.7,20.6,20.5,20.5,38.8,124.6,174,437,0.388,0.415,0.435,0.437
Huye,Mukrua,25.7,14.9,20,25.7,14.9,20,15.7,78.5,0.4,100,16.67,rain,0,0,41.4,13.3,31.6,1012.8,72.7,,285.1,24.7,10,20.8,20.6,20.5,20.5,38.5,123.9,173.6,437,0.385,0.413,0.434,0.437
Huye,Mukrua,26.4,13.9,20.3,26.4,13.9,20.3,14.3,71.2,0.5,100,20.83,rain,0,0,42.1,14,6.3,1013.4,69.8,,301.4,26.1,10,21.1,20.8,20.5,20.5,37.8,123.2,173.2,437,0.378,0.411,0.433,0.437
Huye,Mukrua,25.6,13.8,20.2,25.6,13.8,20.2,14.5,71.9,1,100,33.33,rain,0,0,29.2,13,315,1014,55.2,,270.6,23.4,10,20.8,20.7,20.5,20.5,37.1,122.4,172.5,437,0.371,0.408,0.431,0.437
Nyanza,Kigoma,29,16.6,22.5,28.8,16.6,22.5,17.1,74.5,0.1,100,4.17,rain,0,0,32,18.4,32.1,1018.5,42.4,9.5,293.6,25.4,10,19.6,19.6,19.5,19.5,41.3,129.4,176.2,413,0.413,0.431,0.44,0.413
Nyanza,Kigoma,30,14.9,22.8,30,14.9,22.8,15.2,65.9,0,0,0,,0,0,37.8,18.4,22.8,1016.9,55.2,9.8,285.1,24.7,10,19.9,19.6,19.5,19.5,40.8,128.3,175.2,413,0.408,0.428,0.438,0.413
Nyanza,Kigoma,31,17,23.5,30.1,17,23.3,14.3,59,0,0,0,,0,0,31.3,18.4,6.4,1019.2,40.5,9.8,301.4,26.1,10,20,19.8,19.5,19.5,39.8,126.6,173.8,413,0.398,0.422,0.435,0.413
Nyanza,Kigoma,28,17,22.9,28.6,17,23,15.5,64.4,0,0,0,,0,0,24.5,14.8,314.8,1019.5,43.5,9.8,270.6,23.4,10,19.8,19.7,19.5,19.5,39.1,125.2,173.2,413,0.391,0.417,0.433,0.413
NGOMA,Sake,29,17,22.6,28.8,17,22.6,17.1,74.4,0,0,0,,0,0,30.2,18.4,31.5,1018.5,42.8,9.5,286.2,24.7,10,22.2,22,22.2,22.2,41.7,125.3,166.6,361,0.417,0.418,0.416,0.361
NGOMA,Sake,30,16,23.2,30,16,23.2,15.4,65.3,0,0,0,,0,0,30.6,18.4,22.6,1016.7,55.7,9.8,296,25.7,10,22.2,22,22.2,22.2,41.5,125,166.2,361,0.415,0.417,0.416,0.361
Bugesera,Mareba,29,16.6,22.5,28.8,16.6,22.5,17.1,74.5,0.1,100,4.17,rain,0,0,28.8,18.4,32.1,1018.5,42.4,9.5,293.6,25.4,10,21,21,20.9,20.9,41.3,130.5,180.9,448,0.413,0.435,0.452,0.448
Bugesera,Mareba,30,14.9,22.8,30,14.9,22.8,15.2,65.9,0,0,0,,0,0,34.6,18.4,22.8,1016.8,55.3,9.8,285.1,24.7,10,21.1,20.9,20.9,20.9,40.7,129.3,179.6,447.5,0.407,0.431,0.449,0.447
Bugesera,Mareba,31,17,23.5,30.1,17,23.3,14.3,59,0,0,0,,0,0,33.8,18.4,6.4,1019.2,40.5,9.8,301.4,26.1,10,21.4,21.1,20.9,20.9,39.8,127.7,178.2,447,0.398,0.426,0.446,0.447
Bugesera,Mareba,28,17,22.9,28.6,17,23,15.5,64.4,0,0,0,,0,0,20.5,14.8,314.8,1019.5,43.5,9.8,270.6,23.4,10,21,20.9,20.9,20.9,39.1,126.4,177.6,447,0.391,0.421,0.444,0.447
Bugesera,Mareba,29.1,15.5,23.3,28.8,15.5,23.2,15,62.8,0.3,100,4.17,rain,0,0,42.5,13,346.3,1018.2,60.1,9.6,183.7,15.9,7,21.2,21,20.9,20.9,38.4,125.5,176.8,447,0.384,0.418,0.442,0.447
NGOMA,Sake,31,17,23.5,30.1,17,23.3,14.3,59,0,0,0,,0,0,33.5,18.4,6.5,1019.2,43.3,9.8,304.5,26.4,10,22.3,22.1,22.2,22.2,40.4,123.9,165.6,361,0.404,0.413,0.414,0.361
NGOMA,Sake,28,17,22.9,28.6,17,23,15.5,64.4,0,0,0,,0,0,22.7,14.8,315.7,1019.5,45.5,9.8,285.5,24.6,10,22,21.9,22.2,22.2,39.5,122.7,164.8,361,0.395,0.409,0.412,0.361
NGOMA,Sake,29.1,15.1,23.2,28.8,15.1,23.2,15.1,63.1,0.1,100,4.17,rain,0,0,42.5,13,344.9,1018.2,60.2,9.6,268,23.2,9,22.2,22,22.2,22.2,38.7,121.6,164.2,361,0.387,0.405,0.411,0.361
NGOMA,Sake,26,18.9,20.6,26,18.9,20.6,17.3,82.6,0.7,100,4.17,rain,0,0,32.4,100.1,328.2,1018.7,76.1,8.7,224.7,19.5,8,22.1,22.1,22.2,22.2,38.7,120.9,163.8,361,0.387,0.403,0.41,0.361
Bugesera,Mareba,26,18.9,20.6,26,18.9,20.6,17.3,82.6,0.7,100,4.17,rain,0,0,19.1,100.1,328.2,1018.7,76.1,8.7,185.4,16.1,8,21.2,21,20.9,20.9,38.4,125.5,176.8,447,0.384,0.418,0.442,0.447
Bugesera,Mareba,28,18,22,28.6,18,22.1,17.2,76.4,0,0,0,,0,0,25.9,14.8,74.9,1019,65.2,8.8,243.8,21.1,8,21.3,21.1,20.9,20.9,38.4,125,176.8,447,0.384,0.417,0.442,0.447
Bugesera,Mareba,29,17,22.6,28.8,17,22.6,15.9,69.1,0,0,0,,0,0,20.5,11.2,69.5,1018.7,39.8,9,214.6,18.5,7,21.3,21.1,20.9,20.9,39.2,125.1,177.5,447,0.392,0.417,0.444,0.447
NGOMA,Sake,29.1,15.1,23.2,28.8,15.1,23.2,15.1,63.1,0.1,100,4.17,rain,0,0,42.5,13,344.9,1018.2,60.2,9.6,268,23.2,9,21.9,21.9,22.2,22.2,39.2,121.1,165.3,361,0.392,0.404,0.413,0.36
NGOMA,Jarama,29,16.9,22.5,28.8,16.9,22.6,17.1,74.5,0.1,100,4.17,rain,0,0,30.2,18.4,30.9,1018.5,43,9.5,287.9,24.8,10,22.2,22,22.2,22.2,41.7,125.3,166.6,361,0.417,0.418,0.416,0.361
NGOMA,Jarama,30,15.4,23,30,15.4,23,15.4,65.7,0,0,0,,0,0,30.6,18.4,20.6,1016.7,57.9,9.8,294.3,25.2,10,22.2,22,22.2,22.2,41.5,125,166.2,361,0.415,0.417,0.416,0.361
NGOMA,Jarama,31,17,23.5,30.1,17,23.3,14.3,59,0,0,0,,0,0,33.5,18.4,5.9,1019.2,45.4,9.8,299.7,26,10,22.3,22.1,22.2,22.2,40.4,123.9,165.6,361,0.404,0.413,0.414,0.361
NGOMA,Jarama,28,17,22.9,28.6,17,23,15.5,64.4,0,0,0,,0,0,22.7,14.8,314.9,1019.5,44.8,9.8,269.4,23.2,10,22,21.9,22.2,22.2,39.5,122.7,164.8,361,0.395,0.409,0.412,0.361
NYAGATARE,Rugazi,29,17,22.5,28.8,17,22.6,17.1,74.5,0.1,100,4.17,rain,0,0,37.4,18.4,30.7,1018.5,42.5,9.5,288.9,24.7,10,20.8,20.4,20.2,20.2,40.2,124.8,169,401,0.402,0.416,0.422,0.401
NYAGATARE,Rugazi,30,14.2,22.7,30,14.2,22.7,15,65.4,0,0,0,,0,0,37.8,18.4,20.5,1016.9,54.3,9.8,285.1,24.6,10,20.9,20.5,20.2,20.2,39.5,123.9,168.5,401,0.395,0.413,0.421,0.401
NYAGATARE,Rugazi,31,17,23.5,30.1,17,23.3,14.3,59,0,0,0,,0,0,36,18.4,7,1019.2,45.2,9.8,305.7,26.5,10,20.7,20.5,20.2,20.2,38.3,121.9,167,401,0.383,0.406,0.418,0.401
NYAGATARE,Rugazi,28,17,22.9,28.6,17,23,15.5,64.4,0,0,0,,0,0,31,14.8,315.8,1019.5,45.8,9.8,293.8,25.4,10,20.6,20.4,20.2,20.2,37,120.2,166,401,0.37,0.401,0.415,0.401
NYAGATARE,Katabagemu,31,17,23.5,30.6,17,23.6,15.6,63.6,0,0,0,,0,0,33.1,13,60.6,1017.4,34.2,9.9,260.4,22.4,9,21.8,21.4,20.4,20.4,34.6,111.1,156,396.3,0.346,0.37,0.39,0.396
NYAGATARE,Katabagemu,31,17,23.5,31,17,23.6,16.1,65.6,0,0,0,,0,0,38.5,14.8,150.6,1016.4,49.3,10,281,24.2,9,22.1,21.5,20.5,20.5,34.4,111.5,156.8,396,0.344,0.372,0.392,0.396
NYAGATARE,Katabagemu,30.2,17,22.9,30.5,17,23,17.4,74,0,0,0,,0,0,31,18.4,111.3,1017.2,55,10,251.2,21.7,9,22.1,21.7,20.5,20.5,34,111.1,156.8,396,0.34,0.37,0.392,0.396
NYAGATARE,Katabagemu,26,18,21.2,26,18,21.2,18,83,0.2,100,4.17,rain,0,0,40,14.8,146.6,1018.6,55.5,9.5,213.7,18.4,8,21.4,21.5,20.5,20.5,33.9,110.7,156.6,396,0.339,0.369,0.391,0.396
Bugesera,Mareba,31,17,23.5,30.6,17,23.6,15.6,63.6,0,0,0,,0,0,33.1,13,60.6,1017.4,34.2,9.9,260.4,22.4,9,21.7,21.4,21.1,21.1,42.8,122.2,170.2,441,0.428,0.407,0.425,0.441
Bugesera,Mareba,31,17,23.5,31,17,23.6,16.1,65.6,0,0,0,,0,0,38.5,14.8,150.6,1016.4,49.3,10,281,24.2,9,21.6,21.6,21.1,21.1,44.1,124.5,169.8,441,0.441,0.415,0.424,0.441
Bugesera,Mareba,30.2,17,22.9,30.5,17,23,17.4,74,0,0,0,,0,0,31,18.4,111.3,1017.2,55,10,251.2,21.7,9,21.3,21.4,21.1,21.1,42.9,123.9,168.4,441,0.429,0.413,0.421,0.441
Bugesera,Mareba,26,18,21.2,26,18,21.2,18,83,0.2,100,4.17,rain,0,0,40,14.8,146.6,1018.6,55.5,9.5,213.7,18.4,8,21.5,21.4,21.1,21.1,42.7,123.2,166.2,441,0.427,0.411,0.416,0.441
Musanze,Terres de lava,29,19,23,29.1,19,23.1,16.9,69.8,9.502,100,4.17,rain,0,0,24.1,14.8,83.6,1019.2,57.3,8.7,263.6,22.8,9,63.7,63.5,63.4,63.4,1.7,5.3,7.3,18.1,0.431,0.45,0.461,0.46
Musanze,Terres de lava,25,17.2,20.5,25,17.2,20.5,17.7,85.4,0.9,100,12.5,rain,0,0,23,14.8,180.4,1019,85.7,8,157.7,13.5,5,64,63.7,63.4,63.4,1.7,5.3,7.2,18.1,0.426,0.445,0.459,0.46
Musanze,Terres de lava,24,14.1,20.1,24,14.1,20.1,16.3,80.1,0.2,100,8.33,rain,0,0,21.2,9.7,108.8,1019,76.1,9.5,195,16.7,8,64.2,64,63.4,63.4,1.7,5.2,7.2,18.1,0.42,0.441,0.457,0.46
BURERA,Rwerere,29,17,22.5,28.8,17,22.6,17.1,74.5,0.1,100,4.17,rain,0,0,35.3,18.4,30.7,1018.6,42.5,9.5,288.9,24.7,10,17.7,17.6,17.5,17.5,43.1,134.9,184.3,460,0.431,0.45,0.461,0.46
BURERA,Rwerere,30,14.2,22.7,30,14.2,22.7,15,65.4,0,0,0,,0,0,37.1,18.4,20.5,1017.2,54.3,9.8,285.1,24.6,10,17.8,17.7,17.5,17.5,42.6,133.4,183.6,460,0.426,0.445,0.459,0.46
BURERA,Rwerere,31,17,23.5,30.1,17,23.3,14.3,59,0,0,0,,0,0,33.5,18.4,7,1019.2,45.2,9.8,305.7,26.5,10,17.9,17.8,17.5,17.5,42,132.2,182.7,460,0.42,0.441,0.457,0.46
BURERA,Rwerere,28,17,22.9,28.6,17,23,15.5,64.4,0,0,0,,0,0,26.3,14.8,315.8,1019.5,45.8,9.8,293.8,25.4,10,17.3,17.5,17.5,17.5,41.4,131.3,183.9,460,0.414,0.438,0.46,0.46
BURERA,Rwerere,29.1,14.4,23.2,28.8,14.4,23.2,15,63,0,0,0,,0,0,42.5,13,347.9,1018.4,60.2,9.6,212.5,18.3,8,17.3,17.5,17.5,17.5,41,130.6,183.4,460,0.41,0.435,0.458,0.46
BURERA,Rwerere,24.1,18.6,20.4,24.1,18.6,20.4,16.8,81,0.7,100,4.17,rain,0,0,23,100.1,338.7,1019,77.6,9.1,218.9,19,8,17.7,17.5,17.5,17.5,41.9,130.2,182.4,460,0.419,0.434,0.456,0.46
BURERA,Rwerere,28,18,21.4,28.3,18,21.5,16.5,76,0,0,0,,0,0,28.1,13,189.2,1019.4,67.6,9.6,263.1,22.8,9,18.1,17.8,17.5,17.5,43.4,131.8,181.7,460,0.434,0.439,0.454,0.46
BURERA,Rwerere,26.9,15.4,21.4,27.1,15.4,21.4,15.3,71.1,5.781,100,4.17,rain,0,0,23.8,8.1,122.1,1019.1,48.4,9.8,271,23.4,9,18,17.8,17.5,17.5,42.2,131,181.2,459.5,0.422,0.437,0.453,0.46
BURERA,Rwerere,29,18,22.7,28.8,18,22.7,15.3,64.8,0,0,0,,0,0,25.9,18.4,77.8,1019.4,61.7,9.7,269.6,23.3,10,17.6,17.7,17.5,17.5,41.2,129.9,180.4,459,0.412,0.433,0.451,0.459
BURERA,Rwerere,29,19,23.1,29.1,19,23.2,16.9,69.7,5.275,100,4.17,rain,0,0,24.1,14.8,79.6,1019.2,56.6,8.7,262.9,22.6,9,17.7,17.6,17.6,17.6,40.4,128.7,179.6,459,0.404,0.429,0.449,0.459
BURERA,Rwerere,25,16.5,20.7,25,16.5,20.7,17.8,85.1,0.4,100,12.5,rain,0,0,23,11.2,157.6,1019,85.2,8,182,15.7,7,17.6,17.6,17.6,17.6,39.7,127.9,179.8,459,0.397,0.426,0.45,0.459
BURERA,Rwerere,24.2,14.9,20.3,24.2,14.9,20.3,16.8,81.5,0.467,100,4.17,rain,0,0,21.2,8.9,137.5,1019,73.6,9.2,221.8,19.2,8,17.9,17.7,17.6,17.6,39.2,127,179.2,459,0.392,0.423,0.448,0.459
Huye,DorGran PlatSud,26.1,16.7,21.1,26.1,16.7,21.1,13.2,62.3,0.1,100,4.17,rain,0,0,31.7,11.5,300.2,1012.8,89.3,,226.3,19.5,8,21.9,21.3,20.3,20.3,33.9,115.7,166.6,403,0.339,0.386,0.416,0.403
Huye,DorGran PlatSud,27.3,16.8,21.7,27,16.8,21.7,12.7,59,0,0,0,,0,0,26.6,11.2,287.4,1012,99,,231,19.8,8,21.6,21.4,20.3,20.3,34.1,115.6,166.2,403,0.341,0.385,0.416,0.403
Huye,DorGran PlatSud,26.1,17.6,21.2,26.1,17.6,21.2,12.3,58.7,0,0,0,,0,0,33.5,13.3,286.6,1013.8,96.4,,239.4,20.8,8,21.1,21.1,20.3,20.3,35,115.8,166,403,0.35,0.386,0.415,0.403
Huye,Rusatira,29.1,15.5,23.3,28.8,15.5,23.2,15,62.8,0.3,100,4.17,rain,0,0,42.5,13,346.3,1018.3,60.1,9.6,183.7,15.9,7,20.3,20.3,20.2,20.2,38.9,124.5,171.8,403,0.389,0.415,0.43,0.403
Huye,Rusatira,26,18.9,20.6,26,18.9,20.6,17.3,82.6,0.7,100,4.17,rain,0,0,25.6,100.1,328.2,1018.8,76.1,8.7,185.4,16.1,8,20.6,20.3,20.2,20.2,38.6,124.1,171.6,403,0.386,0.414,0.429,0.403
Huye,Rusatira,28,18,22,28.6,18,22.1,17.2,76.4,0,0,0,,0,0,30.2,14.8,74.9,1019.1,65.2,8.8,243.8,21.1,8,20.9,20.5,20.2,20.2,38,123.4,171.2,403,0.38,0.411,0.428,0.403
Huye,Rusatira,29,17,22.6,28.8,17,22.6,15.9,69.1,0,0,0,,0,0,25.9,11.2,69.5,1018.8,39.8,9,214.6,18.5,7,20.5,20.4,20.2,20.2,37.4,122.5,170.8,403,0.374,0.408,0.427,0.403
RUSIZI,Imbo,25.3,15.2,19.7,25.3,15.2,19.7,15.6,80,3.4,100,79.17,rain,0,0,34.9,13,6.2,1012.9,50.1,,293.6,25.4,10,20.3,20.3,20.2,20.2,38.9,124.5,171.8,403,0.389,0.415,0.43,0.403
RUSIZI,Imbo,25.7,14.9,20,25.7,14.9,20,15.7,78.5,0.4,100,16.67,rain,0,0,39.6,13.3,31.6,1012.9,72.7,,285.1,24.7,10,20.6,20.3,20.2,20.2,38.6,124.1,171.6,403,0.386,0.414,0.429,0.403
KIREHE,Moyenne Globale,29,16.9,22.5,28.8,16.9,22.6,17.1,74.5,0.1,100,4.17,rain,0,0,31.7,18.4,30.9,1018.5,43,9.5,287.9,24.8,10,21.7,21.5,21.7,21.7,42.2,122.5,158.6,351.9,0.422,0.408,0.397,0.352
KIREHE,Moyenne Globale,30,15.4,23,30,15.4,23,15.4,65.7,0,0,0,,0,0,31.3,18.4,20.6,1016.8,57.9,9.8,294.3,25.2,10,21.6,21.5,21.7,21.7,41.7,122.3,158.2,352,0.417,0.408,0.396,0.352
KIREHE,Mushikiri,29,17,22.6,28.8,17,22.6,17.1,74.4,0,0,0,,0,0,31.7,18.4,31.5,1018.5,42.8,9.5,286.2,24.7,10,21.7,21.5,21.7,21.7,42.2,122.5,158.6,351.9,0.422,0.408,0.397,0.352
KIREHE,Mushikiri,30,16,23.2,30,16,23.2,15.4,65.3,0,0,0,,0,0,31.3,18.4,22.6,1016.8,55.7,9.8,296,25.7,10,21.6,21.5,21.7,21.7,41.7,122.3,158.2,352,0.417,0.408,0.396,0.352
KIREHE,Mushikiri,31,17,23.5,30.1,17,23.3,14.3,59,0,0,0,,0,0,29.9,18.4,6.5,1019.2,43.3,9.8,304.5,26.4,10,21.7,21.6,21.7,21.7,40.4,121.1,157.6,352,0.404,0.404,0.394,0.352
KIREHE,Mushikiri,28,17,22.9,28.6,17,23,15.5,64.4,0,0,0,,0,0,24.8,14.8,315.7,1019.5,45.5,9.8,285.5,24.6,10,21.4,21.4,21.7,21.7,39.3,119.6,156.9,352,0.393,0.399,0.392,0.352
KIREHE,Moyenne Globale,31,17,23.5,30.1,17,23.3,14.3,59,0,0,0,,0,0,29.9,18.4,5.9,1019.2,45.4,9.8,299.7,26,10,21.7,21.6,21.7,21.7,40.4,121.1,157.6,352,0.404,0.404,0.394,0.352
NYAGATARE,Katabegemu,28.2,14.4,21.8,28.3,14.4,21.8,15.9,73.2,0,0,0,,0,0,31.3,14.8,132,1015,45.9,9.3,241.9,21,8,20.8,20.7,20.2,20.2,36.2,117.9,163.4,400,0.362,0.393,0.409,0.4
NYAGATARE,Katabegemu,26,14.1,21,26,14.1,21,16.4,76.1,0,0,0,,0,0,33.5,18.4,177.4,1018.4,52.7,9.1,250.6,21.6,9,20.9,20.7,20.2,20.2,35.6,117.2,163,400,0.356,0.391,0.408,0.4
NYAGATARE,Katabegemu,29,16.9,22.1,29.5,16.9,22.2,17.1,76.4,0.2,100,4.17,rain,0,0,33.8,14.8,207.7,1019.2,48.8,9.8,265.5,22.9,9,20.9,20.7,20.2,20.2,35.5,116.6,161.2,400,0.355,0.389,0.403,0.4
NYAGATARE,Katabegemu,30,15.3,22,30.4,15.3,22.1,16.5,73.8,0.2,100,4.17,rain,0,0,28.8,166.7,138.9,1017.8,53.5,9.3,239.1,20.6,9,21.5,21,20.2,20.2,35.3,116.3,161.2,400,0.353,0.388,0.403,0.4
Bugesera,Musenyi,29,18,23.2,28.8,18,23.2,15.6,64.2,0,0,0,,0,0,25.6,18.4,69.1,1019,60.5,8.8,227.3,19.7,8,21.3,21.1,20.9,20.9,38.4,124.4,176.7,446.7,0.384,0.415,0.442,0.447
Bugesera,Musenyi,29,19,23.1,29.1,19,23.3,17,69.7,0,0,0,,0,0,19.4,14.8,77,1018.9,56.1,8.7,230.3,20,8,21.3,21.1,20.9,20.9,37.8,123.8,176,446,0.378,0.413,0.44,0.446
Bugesera,Musenyi,25,18,21,25,18,21,17.8,83.8,0,0,0,,0,0,20.5,11.2,158.7,1018.5,85.3,8,172.2,14.8,6,21.1,21.1,20.9,20.9,37.3,123.6,176.5,446,0.373,0.412,0.441,0.446
Bugesera,Musenyi,27,17,21.4,28.2,17,21.5,18.2,83.6,3,100,4.17,rain,0,0,23,12.1,146.8,1018.5,67.5,8.5,179.2,15.4,8,21.2,21.1,20.9,20.9,37.1,123.2,176.3,446,0.371,0.411,0.441,0.446
Musanze,Musanze,29,17,22.6,28.8,17,22.6,17.1,73.9,0.2,100,4.17,rain,0,0,35.3,18.4,30.5,1018.6,44,9.5,281.3,24.3,9,17.7,17.6,17.5,17.5,43.1,134.9,184.3,460,0.431,0.45,0.461,0.46
Musanze,Musanze,30,17.1,23.2,30,17.1,23.2,15.1,63.2,0.1,100,4.17,rain,0,0,37.1,18.4,25,1017.2,56.5,9.8,261.5,22.5,9,17.8,17.7,17.5,17.5,42.6,133.4,183.6,460,0.426,0.445,0.459,0.46
Musanze,Musanze,31,17,23.5,30.1,17,23.3,14.3,59,0,0,0,,0,0,33.5,18.4,359.9,1019.2,49,9.8,293.7,25.3,10,17.9,17.8,17.5,17.5,42,132.2,182.7,460,0.42,0.441,0.457,0.46
Musanze,Musanze,28,17,22.9,28.6,17,23,15.5,64.4,0,0,0,,0,0,26.3,14.8,311.8,1019.5,44.6,9.8,293.1,25.3,10,17.3,17.5,17.5,17.5,41.4,131.3,183.9,460,0.414,0.438,0.46,0.46
Musanze,Terres de lava,29.1,16.8,23.3,28.8,16.8,23.3,15.1,62.6,0.3,100,4.17,rain,0,0,42.5,13,352.2,1018.4,60.2,9.6,154.5,13.4,6,17.3,17.5,17.5,17.5,41,130.6,183.4,460,0.41,0.435,0.458,0.46
Musanze,Terres de lava,24,18.1,20.3,24,18.1,20.3,16.6,80.4,0.7,100,4.17,rain,0,0,23,100.1,342.1,1019,78.3,9.3,199.9,17.3,7,17.7,17.5,17.5,17.5,41.9,130.2,182.4,460,0.419,0.434,0.456,0.46
Musanze,Terres de lava,28,17.9,21.2,28.3,17.9,21.2,16.3,76,0,0,0,,0,0,28.1,13,228.6,1019.4,68.6,10,251.4,21.8,9,18.1,17.8,17.5,17.5,43.4,131.8,181.7,460,0.434,0.439,0.454,0.46
Musanze,Terres de lava,26.1,15.1,21,26.1,15.1,21,15.2,72,7,100,4.17,rain,0,0,23.8,7.6,181.9,1019.1,50.8,10.1,250.7,21.6,9,17.6,17.7,17.5,17.5,41.2,129.9,180.4,459,0.412,0.433,0.451,0.459
Musanze,Terres de lava,29,17.9,22.5,28.8,17.9,22.5,15.2,65,0,0,0,,0,0,25.9,18.4,65.5,1019.3,61.9,10.2,249.9,21.6,9,17.7,17.6,17.6,17.6,40.4,128.7,179.6,459,0.404,0.429,0.449,0.459
Musanze,Terres de lava,29,18,23.2,28.8,18,23.2,15.6,64.2,0,0,0,,0,0,24.1,18.4,69.3,1018.9,60.8,8.8,260,22.5,9,17.6,17.6,17.6,17.6,39.7,127.9,179.8,459,0.397,0.426,0.45,0.459
GASABO,Plateau du Bumbogo Buliza,29,17,22.6,28.8,17,22.6,17.1,74.5,0.1,100,4.17,rain,0,0,31,18.4,32.4,1018.5,43.3,9.5,293.5,25.3,10,21.8,21.6,21.6,21.6,39.8,121.6,162,393,0.398,0.405,0.405,0.393
GASABO,Plateau du Bumbogo Buliza,30,16.1,23.1,30,16.1,23.1,15.4,65.4,0,0,0,,0,0,33.5,18.4,22.8,1016.8,55,9.8,284.2,24.5,10,21.8,21.5,21.6,21.6,39.5,120.6,161.5,393,0.395,0.402,0.404,0.393
Huye,Huye,25.3,15.2,19.7,25.3,15.2,19.7,15.6,80,3.4,100,79.17,rain,0,0,34.9,13,6.2,1012.9,50.1,,293.6,25.4,10,20.3,20.3,20.2,20.2,38.9,124.5,171.8,403,0.389,0.415,0.43,0.403
Huye,Huye,25.7,14.9,20,25.7,14.9,20,15.7,78.5,0.4,100,16.67,rain,0,0,39.6,13.3,31.6,1012.9,72.7,,285.1,24.7,10,20.6,20.3,20.2,20.2,38.6,124.1,171.6,403,0.386,0.414,0.429,0.403
Huye,Huye,26.4,13.9,20.3,26.4,13.9,20.3,14.3,71.2,0.5,100,20.83,rain,0,0,36.7,14,6.3,1013.4,69.8,,301.4,26.1,10,20.9,20.5,20.2,20.2,38,123.4,171.2,403,0.38,0.411,0.428,0.403
Huye,Huye,25.6,13.8,20.2,25.6,13.8,20.2,14.5,71.9,1,100,33.33,rain,0,0,28.4,13,315,1014,55.2,,270.6,23.4,10,20.5,20.4,20.2,20.2,37.4,122.5,170.8,403,0.374,0.408,0.427,0.403
Nyamasheke,Impara,21.5,12.3,16.6,21.5,12.3,16.6,13.6,84.3,4.1,100,100,rain,0,0,31,9.4,324.5,1013.5,63.5,,254.4,21.8,9,21.3,21.1,21.2,21.2,34.7,101.6,119.4,270,0.347,0.339,0.299,0.27
Nyamasheke,BAS-Fonds de la Dorsale Granitique,29,17,22.6,28.8,17,22.6,17.1,74.2,0.2,100,4.17,rain,0,0,32.8,18.4,32.3,1018.6,44,9.5,274.3,23.7,9,16.4,16.4,16.3,16.3,45.7,140.5,191.2,487,0.457,0.468,0.478,0.487
Nyamasheke,BAS-Fonds de la Dorsale Granitique,30,16,23,30,16,23,15.3,65.3,0.3,100,8.33,rain,0,0,31.7,18.4,28.8,1017.5,57.4,9.8,268.6,23.2,9,16.3,16.3,16.3,16.3,45.8,139.4,189.1,487,0.458,0.465,0.473,0.487
Huye,Kibayi,23.5,15.5,18.8,23.5,15.5,18.8,15.3,81.2,2.1,100,87.5,rain,0,0,19.8,13,28.7,1014.5,83.6,,206.2,17.8,7,20.3,20.3,20.2,20.2,38.9,124.5,171.8,403,0.389,0.415,0.43,0.403
Huye,Butare,26.5,16.7,21.8,26.5,16.7,21.8,13.1,60.9,0,0,0,,0,0,29.5,10.8,292.1,1013,85.3,,228,19.4,8,21.3,20.8,20.3,20.3,35.2,117.3,167.6,403,0.352,0.391,0.419,0.403
Huye,Butare,26.1,16.7,21.1,26.1,16.7,21.1,13.2,62.3,0.1,100,4.17,rain,0,0,31.7,11.5,300.2,1012.8,89.3,,226.3,19.5,8,21.4,21,20.3,20.3,34.7,116.8,167.3,403,0.347,0.389,0.418,0.403
Nyamasheke,Impara,21.5,12.3,16.6,21.5,12.3,16.6,13.6,84.3,4.1,100,100,rain,0,0,31,9.4,324.5,1013.5,63.5,,254.4,21.8,9,21.3,21.1,21.2,21.2,34.7,101.6,119.4,270,0.347,0.339,0.299,0.27
NYAMASHEKE,BAS-Fonds de la Dorsale Granitique,31,17,23.5,30.1,17,23.3,14.3,59,0,0,0,,0,0,34.9,18.4,2.1,1019.2,47.8,9.8,287.5,24.8,10,16.4,16.4,16.3,16.3,46.6,141.4,187.9,486.5,0.466,0.471,0.47,0.487
NYAMASHEKE,BAS-Fonds de la Dorsale Granitique,28,17,22.9,28.6,17,23,15.5,64.4,0,0,0,,0,0,28.8,14.8,312.9,1019.5,44.5,9.8,285.1,24.5,10,16.2,16.3,16.4,16.4,46.1,141.1,190.1,486,0.461,0.47,0.475,0.486
Huye,Butare,27.3,16.8,21.7,27,16.8,21.7,12.7,59,0,0,0,,0,0,26.6,11.2,287.4,1012,99,,231,19.8,8,21.7,21.1,20.3,20.3,34.3,116.3,166.9,403,0.343,0.388,0.417,0.403
Huye,Kibayi,25.2,14.4,19.5,25.2,14.4,19.5,14.8,75.9,0.5,100,20.83,rain,0,0,26.3,10.8,44,1013.9,88.6,,277.5,24,9,20.6,20.3,20.2,20.2,38.6,124.1,171.6,403,0.386,0.414,0.429,0.403
Huye,Butare,26.1,17.6,21.2,26.1,17.6,21.2,12.3,58.7,0,0,0,,0,0,33.5,13.3,286.6,1013.8,96.4,,239.4,20.8,8,21.8,21.3,20.3,20.3,34,115.7,166.3,403,0.34,0.386,0.416,0.403
Huye,Butare,27.3,15.3,21.5,26.9,15.3,21.5,12.2,57.9,0.1,100,4.17,rain,0,0,25.9,9.4,291.6,1013,78.7,,243.3,20.9,9,21.9,21.3,20.3,20.3,33.9,115.7,166.6,403,0.339,0.386,0.416,0.403
NYAMASHEKE,BAS-Fonds de la Dorsale Granitique,29.1,15.6,23.3,28.8,15.6,23.2,15.1,62.9,0.3,100,4.17,rain,0,0,42.5,13,355.8,1018.5,60.3,9.6,116.4,10.1,4,16.3,16.3,16.4,16.4,46.5,140,187.5,486,0.465,0.467,0.469,0.486
GASABO,Plateau du Bumbogo Buliza,29,17,22.6,28.8,17,22.6,17.1,74.5,0.1,100,4.17,rain,0,0,31,18.4,32.4,1018.5,43.3,9.5,293.5,25.3,10,21.8,21.6,21.6,21.6,39.8,121.6,162,393,0.398,0.405,0.405,0.393
NYAMASHEKE,BAS-Fonds de la Dorsale Granitique,28,18,21.4,28.3,18,21.4,16.5,76,0,0,0,,0,0,27.7,13,193.1,1019.5,67.7,9.7,243.3,21,8,16.7,16.5,16.4,16.4,46.8,140.9,185.8,485,0.468,0.47,0.465,0.485
GASABO,Plateau du Bumbogo Buliza,30,16.1,23.1,30,16.1,23.1,15.4,65.4,0,0,0,,0,0,33.5,18.4,22.8,1016.8,55,9.8,284.2,24.5,10,21.8,21.5,21.6,21.6,39.5,120.6,161.5,393,0.395,0.402,0.404,0.393
NGOMA,Ngoma,28.1,17.2,22.4,30.8,17.2,22.5,14.3,63.4,0,0,0,,0,0,31,14.8,305.1,1013.1,86.9,6.7,234.2,20.2,8,21.5,21.1,20.5,20.5,35.6,119.5,170,435,0.356,0.398,0.425,0.435
NGOMA,Ngoma,29.1,16.5,21.6,31.4,16.5,21.8,14.8,66.3,0.1,100,4.17,rain,0,0,32,20.5,280.2,1012.8,88.4,7.6,234.5,20.3,8,21.5,21.2,20.5,20.5,35.1,118.6,169.6,435,0.351,0.395,0.424,0.435
NGOMA,Ngoma,28.1,17.5,22.1,30.2,17.5,22.2,14.8,65.4,0,0,0,,0,0,26.6,38.9,243.5,1012.3,95.4,6,227.5,19.7,7,21.8,21.3,20.6,20.6,34.7,117.9,169.2,435,0.347,0.393,0.423,0.435
NGOMA,Ngoma,25.9,17.3,21.5,25.9,17.3,21.5,14.6,66.6,0.2,100,8.33,rain,0,0,33.1,88.9,232.4,1014.1,94.6,11.4,242.6,20.9,8,21.9,21.4,20.6,20.6,34.4,117.2,168.8,435,0.344,0.391,0.422,0.435
NGOMA,Moyenne Globale,27.1,18,21.9,28.6,18,22,16.6,73.5,3.3,100,83.33,rain,0,0,34.6,46.4,109.1,1012.8,60.8,7.8,241.8,20.7,9,0.7,20.6,20.5,20.5,38.8,124.6,174,437,0.388,0.415,0.435,0.437
NGOMA,Moyenne Globale,30.1,17.6,23.2,32.6,17.6,24,18.9,78.4,2.9,100,33.33,rain,0,0,41.4,44.6,183.9,1012.5,70.1,8.4,249.2,21.4,10,20.8,20.6,20.5,20.5,38.5,123.9,173.6,437,0.385,0.413,0.434,0.437
NGOMA,Moyenne Globale,26.9,18.3,22,27,18.3,22,15.9,71.1,2.7,100,91.67,rain,0,0,42.1,7.6,80.2,1013.4,72.6,,267.9,23.2,10,21.1,20.8,20.5,20.5,37.8,123.2,173.2,437,0.378,0.411,0.433,0.437
NGOMA,Moyenne Globale,26.2,18.7,21.8,26.2,18.7,21.8,16,71.6,4.2,100,100,rain,0,0,29.2,7.2,193.6,1014,63.7,,229.6,19.8,8,20.8,20.7,20.5,20.5,37.1,122.4,172.5,437,0.371,0.408,0.431,0.437
NYAGATARE,NYAGATARE,29,17,22.5,28.8,17,22.6,17.1,74.5,0.1,100,4.17,rain,0,0,36.7,18.4,30.7,1018.5,42.5,9.5,288.9,24.7,10,21.2,20.6,20.3,20.3,38.8,119.6,159.5,405,0.388,0.399,0.399,0.405
NYAGATARE,NYAGATARE,30,14.2,22.7,30,14.2,22.7,15,65.4,0,0,0,,0,0,34.6,18.4,20.5,1016.9,54.3,9.8,285.1,24.6,10,21.2,20.8,20.3,20.3,37.6,118.1,158.4,405,0.376,0.394,0.396,0.405
NYAGATARE,NYAGATARE,31,17,23.5,30.1,17,23.3,14.3,59,0,0,0,,0,0,35.3,18.4,7,1019.2,45.2,9.8,305.7,26.5,10,21.1,20.8,20.3,20.3,36.4,116.6,157.8,405,0.364,0.389,0.394,0.405
NYAGATARE,NYAGATARE,28,17,22.9,28.6,17,23,15.5,64.4,0,0,0,,0,0,31.3,14.8,315.8,1019.5,45.8,9.8,293.8,25.4,10,20.9,20.7,20.3,20.3,35.6,115.7,157.2,404.4,0.356,0.386,0.393,0.404
NYAGATARE,Moyenne Globale,29,17,22.5,28.8,17,22.6,17.1,74.5,0.1,100,4.17,rain,0,0,36.7,18.4,30.7,1018.5,42.5,9.5,288.9,24.7,10,21.2,20.6,20.3,20.3,38.8,119.6,159.5,405,0.388,0.399,0.399,0.405
NYAGATARE,Moyenne Globale,30,14.2,22.7,30,14.2,22.7,15,65.4,0,0,0,,0,0,34.6,18.4,20.5,1016.9,54.3,9.8,285.1,24.6,10,21.2,20.8,20.3,20.3,37.6,118.1,158.4,405,0.376,0.394,0.396,0.405
Nyamasheke,Impara,21.9,14,17.2,21.9,14,17.2,13.9,82.6,3.4,100,45.83,rain,0,0,34.6,7.9,18.2,1013.7,84.5,,222.8,19.2,8,21.1,21,21.2,21.2,34.1,101.4,119.8,270,0.341,0.338,0.3,0.27
Nyamasheke,Impara,21.5,13.3,16.9,21.5,13.3,16.9,14.1,85.3,2.6,100,87.5,rain,0,0,29.5,10.8,309.6,1014.9,83.7,,268.3,23.2,10,21.7,21.2,21.2,21.2,33.4,100.9,119.8,271,0.334,0.336,0.299,0.271
Nyamasheke,Impara,21.5,12.5,16.6,21.5,12.5,16.6,14,86.2,4.5,100,100,rain,0,0,22,10.1,306.2,1015.8,67.6,,266.9,23.1,9,21.5,21.3,21.2,21.2,32.4,99.8,118.8,271,0.324,0.333,0.297,0.271
Nyamasheke,Impara,17.1,11.7,14.6,17.1,11.7,14.6,13.2,91.9,9.6,100,100,rain,0,0,28.4,22.3,252.6,1014.6,93.4,,143,12.6,5,21.4,21.3,21.2,21.2,32.9,99.8,119.4,271,0.329,0.333,0.299,0.271
Bugesera,Bugesera,29,16.6,22.5,28.8,16.6,22.5,17.1,74.5,0.1,100,4.17,rain,0,0,28.8,18.4,32.1,1018.5,42.4,9.5,293.6,25.4,10,21,21,20.9,20.9,41.3,130.5,180.9,448,0.413,0.435,0.452,0.448
Bugesera,Bugesera,30,14.9,22.8,30,14.9,22.8,15.2,65.9,0,0,0,,0,0,34.6,18.4,22.8,1016.8,55.3,9.8,285.1,24.7,10,21.1,20.9,20.9,20.9,40.7,129.3,179.6,447.5,0.407,0.431,0.449,0.447
Bugesera,Bugesera,31,17,23.5,30.1,17,23.3,14.3,59,0,0,0,,0,0,33.8,18.4,6.4,1019.2,40.5,9.8,301.4,26.1,10,21.4,21.1,20.9,20.9,39.8,127.7,178.2,447,0.398,0.426,0.446,0.447
Bugesera,Bugesera,28,17,22.9,28.6,17,23,15.5,64.4,0,0,0,,0,0,20.5,14.8,314.8,1019.5,43.5,9.8,270.6,23.4,10,21,20.9,20.9,20.9,39.1,126.4,177.6,447,0.391,0.421,0.444,0.447
Huye,Hautes Terres de Gikongoro,25.3,15.2,19.7,25.3,15.2,19.7,15.6,80,3.4,100,79.17,rain,0,0,34.9,13,6.2,1012.9,50.1,,293.6,25.4,10,20.3,20.3,20.2,20.2,38.9,124.5,171.8,403,0.389,0.415,0.43,0.403
Huye,Hautes Terres de Gikongoro,25.7,14.9,20,25.7,14.9,20,15.7,78.5,0.4,100,16.67,rain,0,0,39.6,13.3,31.6,1012.9,72.7,,285.1,24.7,10,20.6,20.3,20.2,20.2,38.6,124.1,171.6,403,0.386,0.414,0.429,0.403
Huye,Hautes Terres de Gikongoro,26.4,13.9,20.3,26.4,13.9,20.3,14.3,71.2,0.5,100,20.83,rain,0,0,36.7,14,6.3,1013.4,69.8,,301.4,26.1,10,20.9,20.5,20.2,20.2,38,123.4,171.2,403,0.38,0.411,0.428,0.403
Huye,Hautes Terres de Gikongoro,25.6,13.8,20.2,25.6,13.8,20.2,14.5,71.9,1,100,33.33,rain,0,0,28.4,13,315,1014,55.2,,270.6,23.4,10,20.5,20.4,20.2,20.2,37.4,122.5,170.8,403,0.374,0.408,0.427,0.403
Huye,Hautes Terres de Gikongoro,23.3,14.5,18.7,23.3,14.5,18.7,15.2,81,10,100,100,rain,0,0,28.1,14.4,279.7,1013.4,86,,183.7,15.9,7,20.8,20.5,20.2,20.2,36.8,121.4,169.8,403,0.368,0.405,0.425,0.403
Huye,Hautes Terres de Gikongoro,23.2,13.6,18,23.2,13.6,18,14.8,82.7,10.7,100,100,rain,0,0,25.6,10.1,330.7,1013.8,72.1,,185.4,16.1,8,20.8,20.6,20.2,20.2,36.6,120.6,169.6,403,0.366,0.402,0.424,0.403
Musanze,Kinigi,23.4,16.2,19.8,23.4,16.2,19.8,14.9,74.4,4.9,100,100,rain,0,0,36.7,10.1,346.2,1015.3,53.1,,281.3,24.3,9,16.2,16.3,16.5,16.5,37.8,116.8,159.6,413,0.378,0.389,0.399,0.413
Musanze,Kinigi,24.2,17.1,20.2,24.2,17.1,20.2,15.4,74.7,0.3,100,12.5,rain,0,0,38.5,12.6,35.3,1015.5,79.3,,261.5,22.5,9,16.4,16.3,16.5,16.5,38.1,116.2,158.5,413,0.381,0.387,0.396,0.413
Musanze,Kinigi,24.2,17,20.4,24.2,17,20.4,14.4,69.5,1.6,100,54.17,rain,0,0,36.7,13,339.8,1016.2,77.9,,293.7,25.3,10,16.3,16.4,16.5,16.5,37.5,115.5,156.5,412,0.375,0.385,0.391,0.412
Musanze,Kinigi,23.6,16.4,19.9,23.6,16.4,19.9,14.6,73.1,3.1,100,79.17,rain,0,0,27.7,13.7,319.6,1017.2,51,,293.1,25.3,10,15.8,16.1,16.5,16.5,36.3,113.9,157.6,412,0.363,0.38,0.394,0.412
Musanze,Terres de lava,29,17,22.6,28.8,17,22.6,17.1,73.9,0.2,100,4.17,rain,0,0,35.3,18.4,30.5,1018.6,44,9.5,281.3,24.3,9,17.7,17.6,17.5,17.5,43.1,134.9,184.3,460,0.431,0.45,0.461,0.46
Musanze,Terres de lava,30,17.1,23.2,30,17.1,23.2,15.1,63.2,0.1,100,4.17,rain,0,0,37.1,18.4,25,1017.2,56.5,9.8,261.5,22.5,9,17.8,17.7,17.5,17.5,42.6,133.4,183.6,460,0.426,0.445,0.459,0.46
Musanze,Terres de lava,31,17,23.5,30.1,17,23.3,14.3,59,0,0,0,,0,0,33.5,18.4,359.9,1019.2,49,9.8,293.7,25.3,10,17.9,17.8,17.5,17.5,42,132.2,182.7,460,0.42,0.441,0.457,0.46
Musanze,Kinigi,21.3,16.8,18.6,21.3,16.8,18.6,15.2,81.3,4.4,100,100,rain,0,0,24.8,13.3,301.9,1016.4,88.4,,154.5,13.4,6,15.9,16.1,16.5,16.5,36,112.6,156.2,412,0.36,0.375,0.391,0.412
Musanze,Kinigi,24.1,16.1,19,24.1,16.1,19,14.7,77,3,100,75,rain,0,0,28.1,14,314.9,1016.7,86.8,10.8,199.9,17.3,7,16.1,16.2,16.5,16.5,37,113,154.8,411,0.37,0.377,0.387,0.411
Musanze,Kinigi,25.1,16.4,19.6,25.1,16.4,19.6,14.5,73.4,0.3,100,12.5,rain,0,0,30.6,11.2,297.3,1017.1,54.6,11.3,251.4,21.8,9,16.7,16.5,16.5,16.5,37.7,114.6,154.1,411,0.377,0.382,0.385,0.411
Musanze,Kinigi,26.1,15.1,19.6,26.1,15.1,19.6,14.4,73.3,7,100,4.17,rain,0,0,28.1,7.6,310.6,1016.8,68.3,10.8,250.7,21.6,9,16.5,16.5,16.5,16.5,36.6,113.3,153.7,410.7,0.366,0.378,0.384,0.411
Musanze,Terres de lava,28,17,22.9,28.6,17,23,15.5,64.4,0,0,0,,0,0,26.3,14.8,311.8,1019.5,44.6,9.8,293.1,25.3,10,17.3,17.5,17.5,17.5,41.4,131.3,183.9,460,0.414,0.438,0.46,0.46
Musanze,Terres de lava,29.1,16.8,23.3,28.8,16.8,23.3,15.1,62.6,0.3,100,4.17,rain,0,0,42.5,13,352.2,1018.4,60.2,9.6,154.5,13.4,6,17.3,17.5,17.5,17.5,41,130.6,183.4,460,0.41,0.435,0.458,0.46
Musanze,Terres de lava,24,18.1,20.3,24,18.1,20.3,16.6,80.4,0.7,100,4.17,rain,0,0,23,100.1,342.1,1019,78.3,9.3,199.9,17.3,7,17.7,17.5,17.5,17.5,41.9,130.2,182.4,460,0.419,0.434,0.456,0.46
Musanze,Kinigi,25.1,16.6,19.8,25.1,16.6,19.8,14.7,73.7,0.1,100,4.17,rain,0,0,33.5,11.2,312.1,1017.4,55.9,12.4,249.9,21.6,9,16.2,16.3,16.5,16.5,35.8,111.7,152.8,410,0.358,0.372,0.382,0.41
Musanze,Kinigi,24.1,15.1,19.1,24.1,15.1,19.1,14.4,75.5,13,100,4.17,rain,0,0,28.4,11.9,311.4,1017.5,88.6,8,263.6,22.8,9,16.2,16.2,16.5,16.5,35.1,110.4,151.8,410,0.351,0.368,0.38,0.41
Musanze,Kinigi,22.6,16.2,18.3,22.6,16.2,18.3,14.9,81.3,5.7,100,87.5,rain,0,0,28.8,15.1,300.4,1017.5,92.8,8,157.7,13.5,5,15.9,16.1,16.5,16.5,34.5,109.3,151.1,409.3,0.345,0.364,0.378,0.409
Musanze,Kinigi,23.1,14.1,18.7,23.1,14.1,18.7,15,79.6,1,100,41.67,rain,0,0,19.1,10.1,346.2,1017.2,93.9,10,195,16.7,8,16.3,16.2,16.5,16.5,34.4,108.4,150.4,409,0.344,0.361,0.376,0.409
Musanze,Buberuka,29,17,22.6,28.8,17,22.6,17.1,73.9,0.2,100,4.17,rain,0,0,35.3,18.4,30.5,1018.6,44,9.5,281.3,24.3,9,17.7,17.6,17.5,17.5,43.1,134.9,184.3,460,0.431,0.45,0.461,0.46
Musanze,Buberuka,30,17.1,23.2,30,17.1,23.2,15.1,63.2,0.1,100,4.17,rain,0,0,37.1,18.4,25,1017.2,56.5,9.8,261.5,22.5,9,17.8,17.7,17.5,17.5,42.6,133.4,183.6,460,0.426,0.445,0.459,0.46
Musanze,Buberuka,31,17,23.5,30.1,17,23.3,14.3,59,0,0,0,,0,0,33.5,18.4,359.9,1019.2,49,9.8,293.7,25.3,10,17.9,17.8,17.5,17.5,42,132.2,182.7,460,0.42,0.441,0.457,0.46
Musanze,Buberuka,28,17,22.9,28.6,17,23,15.5,64.4,0,0,0,,0,0,26.3,14.8,311.8,1019.5,44.6,9.8,293.1,25.3,10,17.3,17.5,17.5,17.5,41.4,131.3,183.9,460,0.414,0.438,0.46,0.46
Musanze,Hautes Terres du Buberuka,31,16.5,23.2,30.1,16.5,23.1,14.3,60.1,0,0,0,,0,0,29.5,16.6,10.9,1018,57.8,10.1,229.6,20,8,17.8,17.7,17.6,17.6,37.5,124.1,177.1,458,0.375,0.414,0.443,0.458
Musanze,Hautes Terres du Buberuka,28,14.9,22,28.3,14.9,22,14.9,65.8,0,0,0,,0,0,31.7,13,311,1017.1,64.6,8.9,216.8,18.8,8,18.2,17.9,17.6,17.6,36.9,123.2,176.4,458,0.369,0.411,0.441,0.458
Musanze,Hautes Terres du Buberuka,31,14.3,24,29.8,14.3,23.7,14.1,58.1,0,0,0,,0,0,25.6,11.2,31.5,1017.2,48,9,250.7,21.6,9,18.3,17.9,17.6,17.6,36.2,122.1,175.4,458,0.362,0.407,0.438,0.458
Musanze,Buberuka,29.1,16.8,23.3,28.8,16.8,23.3,15.1,62.6,0.3,100,4.17,rain,0,0,42.5,13,352.2,1018.4,60.2,9.6,154.5,13.4,6,17.3,17.5,17.5,17.5,41,130.6,183.4,460,0.41,0.435,0.458,0.46
Musanze,Buberuka,24,18.1,20.3,24,18.1,20.3,16.6,80.4,0.7,100,4.17,rain,0,0,23,100.1,342.1,1019,78.3,9.3,199.9,17.3,7,17.7,17.5,17.5,17.5,41.9,130.2,182.4,460,0.419,0.434,0.456,0.46
Musanze,Buberuka,28,17.9,21.2,28.3,17.9,21.2,16.3,76,0,0,0,,0,0,28.1,13,228.6,1019.4,68.6,10,251.4,21.8,9,18.1,17.8,17.5,17.5,43.4,131.8,181.7,460,0.434,0.439,0.454,0.46
Musanze,Buberuka,26.1,15.1,21,26.1,15.1,21,15.2,72,7,100,4.17,rain,0,0,23.8,7.6,181.9,1019.1,50.8,10.1,250.7,21.6,9,18,17.8,17.5,17.5,42.2,131,181.2,459.5,0.422,0.437,0.453,0.46
Musanze,Hautes Terres du Buberuka,30,16.1,22.3,29.7,16.1,22.3,15.5,66.9,0,0,0,,0,0,27.4,22.3,230.3,1018.3,72.8,8.8,234.3,20.1,8,18.8,18.3,17.6,17.6,35.6,121.2,174.5,458,0.356,0.404,0.436,0.458
Musanze,Hautes Terres du Buberuka,28,17,22.2,28.3,17,22.2,17,74.6,1,100,4.17,rain,0,0,23.8,13,195.2,1018.9,57.8,7.8,253.8,21.9,9,19,18.4,17.6,17.6,35.1,120.3,173.5,457.4,0.351,0.401,0.434,0.457
Musanze,Hautes Terres du Buberuka,26,16,20.3,26,16,20.3,17.5,85.5,0,0,0,,0,0,25.6,22.3,109.3,1019.3,71.9,7.7,214.4,18.4,9,19,18.6,17.6,17.6,34.7,119.4,172.5,457,0.347,0.398,0.431,0.457
Musanze,Buberuka,29,17.9,22.5,28.8,17.9,22.5,15.2,65,0,0,0,,0,0,25.9,18.4,65.5,1019.3,61.9,10.2,249.9,21.6,9,17.6,17.7,17.5,17.5,41.2,129.9,180.4,459,0.412,0.433,0.451,0.459
Musanze,Buberuka,29,19,23,29.1,19,23.1,16.9,69.8,9.502,100,4.17,rain,0,0,24.1,14.8,83.6,1019.2,57.3,8.7,263.6,22.8,9,17.7,17.6,17.6,17.6,40.4,128.7,179.6,459,0.404,0.429,0.449,0.459
Musanze,Buberuka,25,17.2,20.5,25,17.2,20.5,17.7,85.4,0.9,100,12.5,rain,0,0,23,14.8,180.4,1019,85.7,8,157.7,13.5,5,17.6,17.6,17.6,17.6,39.7,127.9,179.8,459,0.397,0.426,0.45,0.459
Musanze,Buberuka,24,14.1,20.1,24,14.1,20.1,16.3,80.1,0.2,100,8.33,rain,0,0,21.2,9.7,108.8,1019,76.1,9.5,195,16.7,8,17.9,17.7,17.6,17.6,39.2,127,179.2,459,0.392,0.423,0.448,0.459
Huye,Kabanda,25.3,15.2,19.7,25.3,15.2,19.7,15.6,80,3.4,100,79.17,rain,0,0,34.9,13,6.2,1012.9,50.1,,293.6,25.4,10,20.3,20.3,20.2,20.2,38.9,124.5,171.8,403,0.389,0.415,0.43,0.403
Huye,DorGran PlatSud,25.3,15.2,19.7,25.3,15.2,19.7,15.6,80,3.4,100,79.17,rain,0,0,34.9,13,6.2,1012.9,50.1,,293.6,25.4,10,20.3,20.3,20.2,20.2,38.9,124.5,171.8,403,0.389,0.415,0.43,0.403
Huye,DorGran PlatSud,25.7,14.9,20,25.7,14.9,20,15.7,78.5,0.4,100,16.67,rain,0,0,39.6,13.3,31.6,1012.9,72.7,,285.1,24.7,10,20.6,20.3,20.2,20.2,38.6,124.1,171.6,403,0.386,0.414,0.429,0.403
Huye,DorGran PlatSud,26.4,13.9,20.3,26.4,13.9,20.3,14.3,71.2,0.5,100,20.83,rain,0,0,36.7,14,6.3,1013.4,69.8,,301.4,26.1,10,20.9,20.5,20.2,20.2,38,123.4,171.2,403,0.38,0.411,0.428,0.403
Buerera,Crête Congo-Nil,24.3,14.4,19.3,24.3,14.4,19.3,14.8,76.9,1.4,100,54.17,rain,0,0,30.2,6.5,17.7,1014.5,40.1,,243.8,21.1,8,20.8,20.6,20.2,20.2,37.2,120.6,171,403,0.372,0.402,0.428,0.403
Huye,Hautes Terres de Gikongoro,23.7,15,19.3,23.7,15,19.3,15,77.4,0.2,100,8.33,rain,0,0,25.9,10.8,79.5,1014.2,66,,214.6,18.5,7,20.6,20.5,20.2,20.2,36.8,120.1,170.9,403,0.368,0.4,0.427,0.403
Huye,Hautes Terres de Gikongoro,25,15,19.9,25,15,19.9,15.4,77,0.7,100,29.17,rain,0,0,27.4,8.6,62.9,1014.5,44.9,,256.2,22.1,9,20.6,20.5,20.2,20.2,36.5,119.3,170.2,403,0.365,0.398,0.426,0.403
Nyamasheke,Impara,24.6,14.3,19.6,24.6,14.3,19.6,15.7,80.2,2.3,100,70.83,rain,0,0,27.4,10.4,283.2,1014.3,78.2,,227.2,19.6,9,20.8,20.5,20.3,20.3,36.2,118.5,169.4,403,0.362,0.395,0.424,0.403
Huye,Ruhashawa,25.7,14.9,20,25.7,14.9,20,15.7,78.5,0.4,100,16.67,rain,0,0,39.6,13.3,31.6,1012.9,72.7,,285.1,24.7,10,20.9,20.5,20.2,20.2,38,123.4,171.2,403,0.38,0.411,0.428,0.403
Huye,Rusatira,28,18,22,28.6,18,22.1,17.2,76.4,0,0,0,,0,0,30.2,14.8,74.9,1019.1,65.2,8.8,243.8,21.1,8,20.5,20.4,20.2,20.2,37.4,122.5,170.8,403,0.374,0.408,0.427,0.403
Huye,Kabanda,25.7,14.9,20,25.7,14.9,20,15.7,78.5,0.4,100,16.67,rain,0,0,39.6,13.3,31.6,1012.9,72.7,,285.1,24.7,10,20.6,20.3,20.2,20.2,38.6,124.1,171.6,403,0.386,0.414,0.429,0.403
Huye,DorGran PlatSud,25.6,13.8,20.2,25.6,13.8,20.2,14.5,71.9,1,100,33.33,rain,0,0,28.4,13,315,1014,55.2,,270.6,23.4,10,20.5,20.4,20.2,20.2,37.4,122.5,170.8,403,0.374,0.408,0.427,0.403
Huye,DorGran PlatSud,23.3,14.5,18.7,23.3,14.5,18.7,15.2,81,10,100,100,rain,0,0,28.1,14.4,279.7,1013.4,86,,183.7,15.9,7,20.8,20.5,20.2,20.2,36.8,121.4,169.8,403,0.368,0.405,0.425,0.403
Huye,DorGran PlatSud,23.2,13.6,18,23.2,13.6,18,14.8,82.7,10.7,100,100,rain,0,0,25.6,10.1,330.7,1013.8,72.1,,185.4,16.1,8,20.8,20.6,20.2,20.2,36.6,120.6,169.6,403,0.366,0.402,0.424,0.403
Crête Congo-Nil,Crête Congo-Nil,20.3,14.6,17.2,20.3,14.6,17.2,14.9,86.6,6,100,100,rain,0,0,28.4,18.7,273.3,1015.4,94.1,,116.4,10.1,4,18,17.9,18,18,44.5,133.4,178.5,442.9,0.445,0.445,0.446,0.443
Huye,Hautes Terres de Gikongoro,22.1,16.3,18.4,22.1,16.3,18.4,15.9,86.4,5.2,100,95.83,rain,0,0,25.9,11.9,322.1,1014.2,97.6,,126.8,11.2,6,20.6,20.6,20.3,20.3,35.9,118.4,169.5,403,0.359,0.395,0.424,0.403
Huye,Hautes Terres de Gikongoro,23.5,15.5,18.8,23.5,15.5,18.8,15.3,81.2,2.1,100,87.5,rain,0,0,19.8,13,28.7,1014.5,83.6,,206.2,17.8,7,20.2,20.4,20.3,20.3,35.7,118.2,169.3,403,0.357,0.394,0.423,0.403
Nyamasheke,Impara,23.7,10.7,15.5,23.7,10.7,15.5,13.5,88.9,2.6,100,70.83,rain,0,0,23.8,14.8,280.7,1016.3,77.9,10.8,222,19.1,8,21.1,21.2,21.2,21.2,33.7,99.7,119.2,271,0.337,0.332,0.298,0.271
Huye,Butare,24.7,16.5,20.2,24.7,16.5,20.2,14.2,69.7,1.3,100,20.83,rain,0,0,25.2,9.7,336.2,1013.6,91.8,,220.6,19.1,7,21.6,21.4,20.3,20.3,34.1,115.6,166.2,403,0.341,0.385,0.416,0.403
Huye,Ruhashawa,25.3,15.2,19.7,25.3,15.2,19.7,15.6,80,3.4,100,79.17,rain,0,0,34.9,13,6.2,1012.9,50.1,,293.6,25.4,10,20.3,20.3,20.2,20.2,38.9,124.5,171.8,403,0.389,0.415,0.43,0.403
Huye,Rusatira,29,17,22.6,28.8,17,22.6,15.9,69.1,0,0,0,,0,0,25.9,11.2,69.5,1018.8,39.8,9,214.6,18.5,7,20.6,20.3,20.2,20.2,38.6,124.1,171.6,403,0.386,0.414,0.429,0.403
Huye,Kabanda,26.4,13.9,20.3,26.4,13.9,20.3,14.3,71.2,0.5,100,20.83,rain,0,0,36.7,14,6.3,1013.4,69.8,,301.4,26.1,10,20.9,20.5,20.2,20.2,38,123.4,171.2,403,0.38,0.411,0.428,0.403
NYAMAGABE,Kitabi,26.9,16,21.4,27,16,21.4,15.5,71.9,1.9,100,62.5,rain,0,0,30.2,11.2,357.4,1015.1,75.7,,281,24.4,10,18.4,18.2,17.8,17.8,47.8,144.1,192,428,0.478,0.48,0.48,0.428
BURERA,Crête Congo-Nil,23.5,15.2,19.1,23.5,15.2,19.1,15.1,79.2,4.1,100,95.83,rain,0,0,29.5,11.2,358.1,1014.2,54.7,,274.3,23.7,9,17.9,17.9,18,18,44,134.3,180.5,440,0.44,0.448,0.451,0.44
BURERA,Crête Congo-Nil,24.2,16,19.7,24.2,16,19.7,15.6,79.3,0.7,100,20.83,rain,0,0,30.2,14.4,46.6,1014.4,77.3,,268.6,23.2,9,18.1,17.9,18,18,43.9,133.5,179.6,440.9,0.439,0.445,0.449,0.441
Huye,Hautes Terres de Gikongoro,25.2,14.4,19.5,25.2,14.4,19.5,14.8,75.9,0.5,100,20.83,rain,0,0,26.3,10.8,44,1013.9,88.6,,277.5,24,9,20.8,20.5,20.3,20.3,35.5,117.8,169,403,0.355,0.393,0.422,0.403
NYAMAGABE,Kitabi,26,16.4,20.8,26,16.4,20.8,15.9,75.6,3.1,100,100,rain,0,0,34.2,9.7,7.9,1014.6,56.5,,251.6,21.8,9,17.8,17.9,17.8,17.8,49,146.1,192.1,426,0.49,0.487,0.48,0.426
BURERA,Crête Congo-Nil,24.3,15,19.6,24.3,15,19.6,14.4,73.8,1.5,100,45.83,rain,0,0,30.6,13,349.3,1015.3,80.5,,287.5,24.8,10,18.2,18.1,18,18,44.4,134.3,178.9,441.6,0.444,0.448,0.447,0.442
BURERA,Crête Congo-Nil,23.7,14.4,18.9,23.7,14.4,18.9,14.6,77.6,2.7,100,62.5,rain,0,0,29.9,13,316.5,1016.2,56.2,,285.1,24.5,10,17.9,18,18,18,44.2,134.4,180,442,0.442,0.448,0.45,0.442
Huye,Hautes Terres de Gikongoro,25.1,15.1,19.9,25.1,15.1,19.9,15,75.4,0.4,100,16.67,rain,0,0,30.6,16.6,14.6,1013.4,90.2,,245.6,21.1,9,21.2,20.7,20.3,20.3,35.5,117.4,168.2,403,0.355,0.391,0.42,0.403
NYAMAGABE,Kitabi,26.8,16.5,21.3,27.1,16.5,21.4,16.2,75.2,1.4,100,33.33,rain,0,0,37.8,12.2,49.1,1014.4,75.5,,265.1,23.1,10,18.4,18.2,17.8,17.8,47.8,144.1,192,428,0.478,0.48,0.48,0.428
Moyenne Globale,Moyenne Globale,28,17,22.9,28.6,17,23,15.5,64.4,0,0,0,,0,0,24.8,14.8,314.9,1019.5,44.8,9.8,269.4,23.2,10,21.4,21.4,21.7,21.7,39.3,119.6,156.9,352,0.393,0.399,0.392,0.352
Moyenne Globale,Moyenne Globale,29.1,15.4,23.3,28.8,15.4,23.2,15.1,63,0.2,100,4.17,rain,0,0,42.5,13,344.5,1018.2,60.2,9.6,243.4,21.1,9,21.7,21.5,21.7,21.7,38.5,118.3,156.3,352,0.385,0.394,0.391,0.352
Moyenne Globale,Moyenne Globale,26,18.9,20.6,26,18.9,20.6,17.3,82.6,0.7,100,4.17,rain,0,0,31.7,100.1,328.2,1018.7,76.1,8.7,201.7,17.2,7,21.5,21.5,21.7,21.7,38.7,117.1,155.6,352,0.387,0.39,0.389,0.352
Moyenne Globale,Moyenne Globale,28.1,18,22,28.6,18,22.1,17.2,76.4,0,0,0,,0,0,31.7,14.8,74.9,1019,65.2,8.8,240.2,20.9,9,21.2,21.4,21.7,21.7,39.2,117,156.2,353,0.392,0.39,0.391,0.353
Moyenne Globale,Moyenne Globale,29,17,22.6,28.8,17,22.6,15.9,69.2,0,0,0,,0,0,25.2,11.2,69.7,1018.7,40.2,9,212.2,18.4,7,21.6,21.5,21.7,21.7,38.4,116.5,156.1,353,0.384,0.388,0.39,0.353
Moyenne Globale,Moyenne Globale,29,18,23.2,28.8,18,23.2,15.6,64.2,0,0,0,,0,0,28.4,18.4,69.1,1019,60.7,8.8,252.1,21.5,9,21.6,21.5,21.7,21.7,37.5,115.8,155.8,353,0.375,0.386,0.39,0.353
Nyamasheke,Impara,24.1,13,16.3,24.1,13,16.3,13.7,86.5,2.3,100,62.5,rain,0,0,25.6,18.4,294.2,1015.1,67,13,187,16.2,7,21.1,21.1,21.2,21.2,33.5,99.5,119.2,271,0.335,0.332,0.298,0.271
Nyamasheke,Impara,19.5,13.7,16,19.5,13.7,16,14.2,90.4,3.5,100,95.83,rain,0,0,25.9,6.8,316.1,1015.3,82.6,,114,9.9,4,21.2,21.1,21.2,21.2,33.2,99.2,118.8,271,0.332,0.331,0.297,0.271
RUBAVU,Gisenyi,23.4,16.2,19.8,23.4,16.2,19.8,14.9,74.4,4.9,100,100,rain,0,0,32.8,10.1,346.2,1013.7,53.1,,281.3,24.3,9,21.5,21.5,21.7,21.7,9.4,29.7,40.5,112,0.094,0.099,0.101,0.112
RUBAVU,Gisenyi,24.2,17.1,20.2,24.2,17.1,20.2,15.4,74.7,0.3,100,12.5,rain,0,0,31.7,12.6,35.3,1013.7,79.3,,261.5,22.5,9,21.5,21.6,21.7,21.7,9.2,29.3,40.3,112,0.092,0.097,0.101,0.112
RUBAVU,Gisenyi,24.2,17,20.4,24.2,17,20.4,14.4,69.5,1.6,100,54.17,rain,0,0,28.8,13,339.8,1015,77.9,,293.7,25.3,10,21.5,21.5,21.6,21.6,8.9,28.5,39.4,112,0.088,0.095,0.099,0.112
RUBAVU,Gisenyi,23.6,16.4,19.9,23.6,16.4,19.9,14.6,73.1,3.1,100,79.17,rain,0,0,24.1,13.7,319.6,1016,51,,293.1,25.3,10,21.4,21.5,21.5,21.5,8.6,27.9,38.9,112,0.086,0.093,0.097,0.112
RUBAVU,Impara,21.3,13.5,16.7,21.3,13.5,16.7,14.5,88.4,14,100,8.33,rain,0,0,22,18.4,300.7,1015.6,73.2,10,184.7,15.9,7,21.5,21.3,21.2,21.2,32.8,99,118.6,271,0.328,0.33,0.296,0.271
RUBAVU,Gisenyi,21.3,16.8,18.6,21.3,16.8,18.6,15.2,81.3,4.4,100,100,rain,0,0,26.6,13.3,301.9,1015.2,88.4,,154.5,13.4,6,21.6,21.5,21.6,21.6,8.8,27.5,38.6,112,0.088,0.092,0.096,0.112
RUBAVU,Gisenyi,24.1,16.1,19,24.1,16.1,19,14.7,77,3,100,75,rain,0,0,24.8,14,314.9,1015.1,86.8,10.8,199.9,17.3,7,21.5,21.5,21.6,21.6,9.7,27.7,38.2,112,0.097,0.092,0.095,0.112
RUBAVU,Gisenyi,25.1,16.4,19.6,25.1,16.4,19.6,14.5,73.4,0.3,100,12.5,rain,0,0,26.3,11.2,297.3,1015.4,54.6,11.3,251.4,21.8,9,21.6,21.6,21.6,21.6,9.9,28.5,37.9,112,0.099,0.095,0.095,0.112
RUBAVU,Gisenyi,26.1,15.1,19.6,26.1,15.1,19.6,14.4,73.3,7,100,4.17,rain,0,0,24.8,7.6,310.6,1015.3,68.3,10.8,250.7,21.6,9,21.5,21.5,21.5,21.5,9.4,28.4,37.6,111,0.094,0.095,0.094,0.111
RUBAVU,Impara,24.1,13.1,16.1,24.1,13.1,16.1,14,88.4,4.1,100,75,rain,0,0,33.5,14.8,286.3,1015.6,95.6,15,186.3,16.1,7,21.2,21.2,21.2,21.2,32.3,98.7,118.6,271,0.323,0.329,0.297,0.271
RUBAVU,Gisenyi,25.1,16.6,19.9,25.1,16.6,19.9,14.9,73.7,0.1,100,4.17,rain,0,0,29.5,18.4,304.5,1016,58.3,8.3,249.9,21.6,9,21.3,21.4,21.5,21.5,9.1,28,37.4,111,0.091,0.093,0.093,0.111
RUBAVU,Gisenyi,24.1,15.1,19.1,24.1,15.1,19.1,14.4,75.5,13,100,4.17,rain,0,0,21.6,11.9,311.4,1015.9,88.6,8,263.6,22.8,9,21.3,21.3,21.4,21.4,8.8,27.6,37.1,111,0.088,0.092,0.093,0.111
RUBAVU,Gisenyi,22.6,16.2,18.3,22.6,16.2,18.3,14.9,81.3,5.7,100,87.5,rain,0,0,19.4,15.1,300.4,1015.9,92.8,8,157.7,13.5,5,21.2,21.3,21.4,21.4,8.7,27.4,36.8,111,0.087,0.091,0.092,0.111
RUBAVU,Gisenyi,24,14.1,19.1,24,14.1,19.1,15,78.2,1,100,41.67,rain,0,0,19.4,14.8,354.3,1015.9,93.1,9.2,195,16.7,8,21.2,21.2,21.3,21.3,8.5,27.2,36.8,111,0.085,0.09,0.092,0.111
GASABO,Plateau du Bumbogo Buliza,31,17,23.5,30.1,17,23.3,14.3,59,0,0,0,,0,0,34.9,18.4,7.8,1019.2,43.2,9.8,303.6,26.3,10,21.9,21.7,21.6,21.6,38.7,119.6,160.9,393,0.387,0.399,0.402,0.393
GASABO,Plateau du Bumbogo Buliza,28,17,22.9,28.6,17,23,15.5,64.4,0,0,0,,0,0,21.2,14.8,315.9,1019.5,44.5,9.8,282.3,24.5,10,21.6,21.5,21.6,21.6,37.8,118.7,160.6,393,0.378,0.396,0.402,0.393
Huye,DorGran PlatSud,24.3,14.4,19.3,24.3,14.4,19.3,14.8,76.9,1.4,100,54.17,rain,0,0,30.2,6.5,17.7,1014.5,40.1,,243.8,21.1,8,20.8,20.6,20.2,20.2,37.2,120.6,171,403,0.372,0.402,0.428,0.403
Huye,DorGran PlatSud,23.7,15,19.3,23.7,15,19.3,15,77.4,0.2,100,8.33,rain,0,0,25.9,10.8,79.5,1014.2,66,,214.6,18.5,7,20.6,20.5,20.2,20.2,36.8,120.1,170.9,403,0.368,0.4,0.427,0.403
Huye,DorGran PlatSud,25,15,19.9,25,15,19.9,15.4,77,0.7,100,29.17,rain,0,0,27.4,8.6,62.9,1014.5,44.9,,256.2,22.1,9,20.6,20.5,20.2,20.2,36.5,119.3,170.2,403,0.365,0.398,0.426,0.403
NYAMASHEKE,BAS-Fonds de la Dorsale Granitique,26.9,15.4,21.3,27.1,15.4,21.3,15.3,71.2,5.914,100,4.17,rain,0,0,26.6,8.1,126.1,1019.3,48.6,9.8,228,19.7,8,16.3,16.4,16.4,16.4,46.7,141,186.1,485,0.467,0.47,0.465,0.485
NYAMASHEKE,BAS-Fonds de la Dorsale Granitique,29,18,22.7,28.8,18,22.7,15.4,64.8,0,0,0,,0,0,26.3,18.4,79.7,1019.5,62.6,9.5,232.6,20.1,8,16.1,16.3,16.4,16.4,46.6,140.9,186.3,484.5,0.466,0.47,0.466,0.484
Huye,DorGran PlatSud,24.3,14.4,19.3,24.3,14.4,19.3,14.8,76.9,1.4,100,54.17,rain,0,0,30.2,6.5,17.7,1014.5,40.1,,243.8,21.1,8,20.8,20.5,20.3,20.3,36.2,118.5,169.4,403,0.362,0.395,0.424,0.403
Huye,DorGran PlatSud,23.7,15,19.3,23.7,15,19.3,15,77.4,0.2,100,8.33,rain,0,0,25.9,10.8,79.5,1014.2,66,,214.6,18.5,7,20.6,20.6,20.3,20.3,35.9,118.4,169.5,403,0.359,0.395,0.424,0.403
Huye,DorGran PlatSud,25,15,19.9,25,15,19.9,15.4,77,0.7,100,29.17,rain,0,0,27.4,8.6,62.9,1014.5,44.9,,256.2,22.1,9,20.2,20.4,20.3,20.3,35.7,118.2,169.3,403,0.357,0.394,0.423,0.403
NYAMASHEKE,BAS-Fonds de la Dorsale Granitique,29,19,22.9,29.1,19,23,16.8,69.9,11.187,100,4.17,rain,0,0,26.3,14.8,85.1,1019.4,57.6,8.7,247.4,21.5,9,16.2,16.2,16.4,16.4,45.6,139.6,186.5,484,0.456,0.465,0.466,0.484
NYAMASHEKE,BAS-Fonds de la Dorsale Granitique,25,16.5,20.3,25,16.5,20.3,17.6,85.9,0.9,100,12.5,rain,0,0,25.2,12.4,175.1,1019.3,85.6,8,124.6,10.7,4,16,16.1,16.4,16.4,44.8,137.4,184.7,484,0.448,0.458,0.462,0.484
NYAMASHEKE,BAS-Fonds de la Dorsale Granitique,24.1,14.9,20.3,24.1,14.9,20.3,16.7,80.8,0.238,100,4.17,rain,0,0,20.9,8.8,121.8,1019.1,73.3,9.1,178.6,15.6,7,16.5,16.3,16.4,16.4,45.1,136.5,182.8,483.3,0.451,0.455,0.457,0.483
Plateau du Bumbogo Buliza,Plateau du Bumbogo Buliza,25.1,18,20.7,25.1,18,20.7,18,85.8,0.7,100,12.5,rain,0,0,16.6,11.2,161,1018.5,86.1,8,144.2,12.5,5,21.9,21.8,21.6,21.6,36.1,116,159.5,392,0.361,0.387,0.399,0.392
NYAMASHEKEKE,BAS-Fonds de la Dorsale Granitique,29,19,22.7,28.8,19,22.7,16.6,71.9,0.086,100,4.17,rain,0,0,26.3,13,67,1018.7,56,8.6,271,23.2,9,16.7,16.5,16.4,16.4,45.8,138.1,181.9,483,0.458,0.46,0.455,0.483
Plateau du Bumbogo Buliza,Plateau du Bumbogo Buliza,27,17,21.2,28.2,17,21.3,18.1,84.1,2.949,100,4.17,rain,0,0,19.8,12,140.9,1018.5,66.7,8.5,222.6,19.2,8,22.3,21.9,21.6,21.6,35.8,115.7,159.2,392,0.358,0.386,0.398,0.392
Moyenne Globale,Moyenne Globale,29,19,23.1,29.1,19,23.3,17,69.7,0,0,0,,0,0,24.5,14.8,77,1018.9,56.2,8.7,223.7,19.3,9,21.6,21.5,21.7,21.7,37,115,155.4,353,0.37,0.383,0.388,0.353
Moyenne Globale,Moyenne Globale,25.1,17.4,20.7,25.1,17.4,20.7,18.1,86.4,0.7,100,12.5,rain,0,0,19.8,11.2,157.5,1018.5,86.1,8,132.1,11.3,5,21.4,21.5,21.7,21.7,36.9,113,149.6,353,0.369,0.377,0.374,0.353
Moyenne Globale,Moyenne Globale,27,16.7,21.2,28.2,16.7,21.3,18.1,84,3,100,4.17,rain,0,0,24.8,12,141.7,1018.5,66.9,8.5,223.3,19.2,8,22.1,21.8,21.7,21.7,36.4,112.4,149.4,353,0.364,0.375,0.374,0.353
Moyenne Globale,Moyenne Globale,29,19,23.2,29.1,19,23.2,16.9,71.7,0,0,0,,0,0,28.1,13,42.6,1018.1,55.4,8.3,270.7,23.4,9,22.1,21.8,21.7,21.7,35.8,111.6,149.3,353,0.358,0.372,0.373,0.353
Moyenne Globale,Moyenne Globale,31,18,23.9,30.6,18,23.8,15.1,60.6,0,0,0,,0,0,32.4,18.4,27,1017.6,52.7,9.6,246.8,21.5,9,22.3,21.9,21.7,21.7,35,110.7,149,353,0.35,0.369,0.372,0.353
Moyenne Globale,Moyenne Globale,31,18,23.6,30.1,18,23.5,14.8,60.5,0.1,100,4.17,rain,0,0,32.4,16.6,14.5,1017.6,54.7,10,247.3,21.3,8,22.6,22.1,21.7,21.7,34.1,109.7,148.6,353,0.341,0.366,0.371,0.353
Huye,Huye,25.3,15.2,19.7,25.3,15.2,19.7,15.6,80,3.4,100,79.17,rain,0,0,34.9,13,6.2,1012.9,50.1,,293.6,25.4,10,20.3,20.3,20.2,20.2,38.9,124.5,171.8,403,0.389,0.415,0.43,0.403
Huye,SKamMuku,25.7,14.9,20,25.7,14.9,20,15.7,78.5,0.4,100,16.67,rain,0,0,39.6,13.3,31.6,1012.9,72.7,,285.1,24.7,10,20.6,20.3,20.2,20.2,38.6,124.1,171.6,403,0.386,0.414,0.429,0.403
Huye,SNyaNyar,26.4,13.9,20.3,26.4,13.9,20.3,14.3,71.2,0.5,100,20.83,rain,0,0,36.7,14,6.3,1013.4,69.8,,301.4,26.1,10,20.9,20.5,20.2,20.2,38,123.4,171.2,403,0.38,0.411,0.428,0.403
Huye,SNyaNyar,25.6,13.8,20.2,25.6,13.8,20.2,14.5,71.9,1,100,33.33,rain,0,0,28.4,13,315,1014,55.2,,270.6,23.4,10,20.5,20.4,20.2,20.2,37.4,122.5,170.8,403,0.374,0.408,0.427,0.403
Huye,SKamMuku,23.3,14.5,18.7,23.3,14.5,18.7,15.2,81,10,100,100,rain,0,0,28.1,14.4,279.7,1013.4,86,,183.7,15.9,7,20.8,20.5,20.2,20.2,36.8,121.4,169.8,403,0.368,0.405,0.425,0.403
Huye,SKamMuku,23.2,13.6,18,23.2,13.6,18,14.8,82.7,10.7,100,100,rain,0,0,25.6,10.1,330.7,1013.8,72.1,,185.4,16.1,8,20.8,20.6,20.2,20.2,36.6,120.6,169.6,403,0.366,0.402,0.424,0.403
Huye,SNyaNyar,24.3,14.4,19.3,24.3,14.4,19.3,14.8,76.9,1.4,100,54.17,rain,0,0,30.2,6.5,17.7,1014.5,40.1,,243.8,21.1,8,20.8,20.6,20.2,20.2,37.2,120.6,171,403,0.372,0.402,0.428,0.403
Huye,SNyaNyar,23.7,15,19.3,23.7,15,19.3,15,77.4,0.2,100,8.33,rain,0,0,25.9,10.8,79.5,1014.2,66,,214.6,18.5,7,20.6,20.5,20.2,20.2,36.8,120.1,170.9,403,0.368,0.4,0.427,0.403
Huye,SKamMuku,25,15,19.9,25,15,19.9,15.4,77,0.7,100,29.17,rain,0,0,27.4,8.6,62.9,1014.5,44.9,,256.2,22.1,9,20.6,20.5,20.2,20.2,36.5,119.3,170.2,403,0.365,0.398,0.426,0.403
Huye,Plateu de Sud butare,24.6,14.3,19.6,24.6,14.3,19.6,15.7,80.2,2.3,100,70.83,rain,0,0,27.4,10.4,283.2,1014.3,78.2,,227.2,19.6,9,20.8,20.5,20.3,20.3,36.2,118.5,169.4,403,0.362,0.395,0.424,0.403
Huye,Plateu de Sud butare,22.1,16.3,18.4,22.1,16.3,18.4,15.9,86.4,5.2,100,95.83,rain,0,0,25.9,11.9,322.1,1014.2,97.6,,126.8,11.2,6,20.6,20.6,20.3,20.3,35.9,118.4,169.5,403,0.359,0.395,0.424,0.403
Huye,Plateu de Sud butare,23.5,15.5,18.8,23.5,15.5,18.8,15.3,81.2,2.1,100,87.5,rain,0,0,19.8,13,28.7,1014.5,83.6,,206.2,17.8,7,20.2,20.4,20.3,20.3,35.7,118.2,169.3,403,0.357,0.394,0.423,0.403
Huye,Plateu de Sud butare,25.2,14.4,19.5,25.2,14.4,19.5,14.8,75.9,0.5,100,20.83,rain,0,0,26.3,10.8,44,1013.9,88.6,,277.5,24,9,20.8,20.5,20.3,20.3,35.5,117.8,169,403,0.355,0.393,0.422,0.403
Huye,Plateu de Sud butare,25.1,15.1,19.9,25.1,15.1,19.9,15,75.4,0.4,100,16.67,rain,0,0,30.6,16.6,14.6,1013.4,90.2,,245.6,21.1,9,21.2,20.7,20.3,20.3,35.5,117.4,168.2,403,0.355,0.391,0.42,0.403
Huye,Plateu de Sud butare,24.9,14.5,20.3,24.9,14.5,20.3,14.6,71.7,0.2,100,8.33,rain,0,0,29.5,11.5,323.8,1013,84.4,,235.8,20.4,9,21.3,20.8,20.3,20.3,35.2,117.3,167.6,403,0.352,0.391,0.419,0.403
Huye,Plateu de Sud butare,24.3,15.5,20.1,24.3,15.5,20.1,14.6,72,0.3,100,12.5,rain,0,0,31.7,8.3,292.9,1012.8,93.7,,216.7,18.6,8,21.4,21,20.3,20.3,34.7,116.8,167.3,403,0.347,0.389,0.418,0.403
Huye,Plateu de Sud butare,26.1,14.3,20.6,26.1,14.3,20.6,14.5,70.4,0,0,0,,0,0,26.6,10.8,333.6,1012,88.7,,252.4,21.8,8,21.7,21.1,20.3,20.3,34.3,116.3,166.9,403,0.343,0.388,0.417,0.403
Huye,Plateu de Sud butare,25.4,15.5,20.1,25.4,15.5,20.1,14.9,73.6,2.2,100,70.83,rain,0,0,33.5,6.5,256.9,1013.8,89.6,,202.7,17.4,8,21.8,21.3,20.3,20.3,34,115.7,166.3,403,0.34,0.386,0.416,0.403
Huye,Plateu de Sud butare,24,15.4,19.3,24,15.4,19.3,15.5,80.5,2.9,100,83.33,rain,0,0,25.9,10.1,306.5,1013,72.1,,219.2,19.1,8,21.9,21.3,20.3,20.3,33.9,115.7,166.6,403,0.339,0.386,0.416,0.403
Huye,Plateu de Sud butare,23,15.5,18.9,23,15.5,18.9,15.6,82.6,0,0,0,,0,0,25.2,7.6,96.9,1013.6,85.6,,169.6,14.7,6,21.6,21.4,20.3,20.3,34.1,115.6,166.2,403,0.341,0.385,0.416,0.403
Huye,Plateu de Sud butare,25,15.4,19.8,25,15.4,19.8,15.3,78.1,1.4,100,58.33,rain,0,0,31.3,11.9,77.2,1015.3,88.1,,262.8,22.7,9,21.1,21.1,20.3,20.3,35,115.8,166,403,0.35,0.386,0.415,0.403
Huye,Huye,25.3,14.7,19.7,25.3,14.7,19.7,16,80.7,2.9,100,70.83,rain,0,0,35.3,10.1,67.1,1015.8,95.9,,272.6,23.7,9,19.8,20.6,20.3,20.3,38,117.4,167.5,403,0.38,0.391,0.419,0.403
Huye,Huye,25,16.2,20.2,25,16.2,20.2,16.7,81.8,2.8,100,87.5,rain,0,0,27,10.8,93.8,1012.8,85.2,,228,19.6,8,20.1,20.2,20.3,20.3,39.8,117.3,167.1,403,0.398,0.391,0.418,0.403
Huye,Huye,24.7,15.9,20,24.7,15.9,20,16.4,81.9,2,100,70.83,rain,0,0,31.3,8.6,62.2,1013.3,95.8,,205.6,17.7,7,20.4,20.6,20.3,20.3,39.9,117.3,166.2,403,0.399,0.391,0.416,0.403
Huye,Huye,24.8,14.1,19.1,24.8,14.1,19.1,15.3,81.2,0.1,100,4.17,rain,0,0,34.6,11.5,34.6,1013.3,79.5,,219.2,18.8,8,19.9,20.2,20.4,20.4,40.6,117.5,166.2,402.5,0.406,0.392,0.416,0.403
Huye,Huye,26.2,13,19.6,26.2,13,19.6,15,77.4,1.5,100,50,rain,0,0,31.7,12.2,72,1013.7,58.5,,311.6,27,10,20,20.2,20.4,20.4,40.1,117.5,166.2,402,0.401,0.392,0.415,0.402
Huye,Huye,27.3,14.7,20.8,27.2,14.7,20.8,14.7,71.3,0.5,100,20.83,rain,0,0,32.8,9.7,83.7,1012.1,68.9,,325.3,28.1,10,20.7,20.4,20.4,20.4,39,117.1,165.9,402,0.39,0.39,0.415,0.402
Huye,Huye,27.2,15.8,21.2,27.3,15.8,21.2,15.5,72.7,3.1,100,100,rain,0,0,27.7,11.5,62.2,1011,87.5,,292.4,25.1,10,20.9,20.6,20.4,20.4,38,116.5,165.5,402,0.38,0.388,0.414,0.402
Huye,Huye,26.2,15.9,21.1,26.2,15.9,21.1,15.5,73,3.8,100,95.83,rain,0,0,27.4,10.4,341.2,1011.4,88.2,,246.5,21.2,9,21,20.7,20.4,20.4,37.2,115.8,165,402,0.372,0.386,0.413,0.402
Huye,Huye,26.7,14.6,20.6,26.7,14.6,20.6,15.4,75.4,3.2,100,83.33,rain,0,0,26.3,15.5,298.6,1013.7,91.9,,274.7,23.7,9,21.2,20.8,20.4,20.4,37,115.5,164.8,402,0.37,0.385,0.412,0.402
Gatsibo,Gatsibo,29,17,22.5,28.8,17,22.6,17.1,74.5,0.1,100,4.17,rain,0,0,37.4,18.4,30.7,1018.5,42.5,9.5,288.9,24.7,10,20.8,20.4,20.2,20.2,40.2,124.8,169,401,0.402,0.416,0.422,0.401
Gatsibo,Gatsibo,30,14.2,22.7,30,14.2,22.7,15,65.4,0,0,0,,0,0,37.8,18.4,20.5,1016.9,54.3,9.8,285.1,24.6,10,20.9,20.5,20.2,20.2,39.5,123.9,168.5,401,0.395,0.413,0.421,0.401
Gatsibo,Gatsibo,31,17,23.5,30.1,17,23.3,14.3,59,0,0,0,,0,0,36,18.4,7,1019.2,45.2,9.8,305.7,26.5,10,20.7,20.5,20.2,20.2,38.3,121.9,167,401,0.383,0.406,0.418,0.401
Gatsibo,Gatsibo,28,17,22.9,28.6,17,23,15.5,64.4,0,0,0,,0,0,31,14.8,315.8,1019.5,45.8,9.8,293.8,25.4,10,20.6,20.4,20.2,20.2,37,120.2,166,401,0.37,0.401,0.415,0.401
Gatsibo,Gatsibo,29.1,14.4,23.2,28.8,14.4,23.2,15,63,0,0,0,,0,0,42.5,13,347.9,1018.2,60.2,9.6,212.5,18.3,8,20.7,20.5,20.2,20.2,36.3,119,165.2,401,0.363,0.397,0.413,0.401
Gatsibo,Gatsibo,25.5,18.9,20.5,25.5,18.9,20.5,17.2,82.2,0.7,100,4.17,rain,0,0,22.7,100.1,331.2,1018.7,76.5,8.8,218.9,19,8,20.8,20.5,20.2,20.2,36.7,118.5,164.7,400.6,0.367,0.395,0.412,0.401
Gatsibo,Gatsibo,28,18,21.9,28.3,18,22,17,76.3,0,0,0,,0,0,33.1,14.1,100.1,1019.1,65.8,9,263.1,22.8,9,21,20.6,20.2,20.2,37.5,119.1,164,400,0.375,0.397,0.41,0.4
Gatsibo,Gatsibo,28.5,16.1,22.2,28.4,16.1,22.2,15.7,69.6,2.041,100,4.17,rain,0,0,28.4,9.2,77.3,1018.8,43,9.2,271,23.4,9,21,20.8,20.2,20.2,36.8,118.7,163.8,400,0.368,0.396,0.41,0.4
Moyenne Globale,Moyenne Globale,28,15.4,22.6,28.3,15.4,22.6,15.8,67.9,0,0,0,,0,0,27.7,13,292.8,1016.3,66.3,8.9,214.1,18.5,8,22.7,22.2,21.7,21.7,33.4,108.8,148.2,353,0.334,0.363,0.37,0.353
Moyenne Globale,Moyenne Globale,31,15.7,24,29.8,15.7,23.8,14.3,58.4,0,0,0,,0,0,24.5,11.2,30.8,1016.7,47.4,9,257.6,22.3,8,22.5,22.2,21.7,21.7,32.8,108,147.8,353,0.328,0.36,0.369,0.353
Moyenne Globale,Moyenne Globale,30,16.6,22.5,29.7,16.6,22.6,15.9,68.2,0.2,100,4.17,rain,0,0,23.4,22.3,211.3,1017.6,71.6,8.8,182.1,15.6,7,22.8,22.4,21.7,21.7,32.2,107.1,147.2,353,0.322,0.357,0.368,0.353
Moyenne Globale,Moyenne Globale,28.9,17,22.3,29,17,22.4,17.1,74.4,1,100,4.17,rain,0,0,26.3,13,189.7,1018.8,57.1,7.8,222.3,19.3,8,22.9,22.6,21.7,21.7,32.1,106.7,147.1,353,0.321,0.356,0.368,0.353
RWAMAGANA,Kigabiro,29,17,22.6,28.8,17,22.6,17.1,74.4,0,0,0,,0,0,30.6,18.4,31.5,1018.5,42.8,9.5,286.2,24.7,10,22.7,22.5,22.6,22.6,36.4,110,142.8,330,0.364,0.367,0.357,0.33
RWAMAGANA,Kiziguro,30,16,23.2,30,16,23.2,15.4,65.3,0,0,0,,0,0,34.6,18.4,22.6,1016.7,55.7,9.8,296,25.7,10,22.8,22.5,22.6,22.6,36.1,109.5,142.7,330,0.361,0.365,0.357,0.33
RWAMAGANA,Kigabiro,31,17,23.5,30.1,17,23.3,14.3,59,0,0,0,,0,0,33.1,18.4,6.5,1019.2,43.3,9.8,304.5,26.4,10,22.9,22.6,22.6,22.6,35,108.7,142.2,330,0.35,0.362,0.356,0.33
RWAMAGANA,Kiziguro,28,17,22.9,28.6,17,23,15.5,64.4,0,0,0,,0,0,28.8,14.8,315.7,1019.5,45.5,9.8,285.5,24.6,10,22.6,22.5,22.6,22.6,33.9,107.8,141.8,330,0.339,0.359,0.355,0.33
RWAMAGANA,Kigabiro,29.1,15.1,23.2,28.8,15.1,23.2,15.1,63.1,0.1,100,4.17,rain,0,0,42.5,13,344.9,1018.2,60.2,9.6,268,23.2,9,22.8,22.6,22.6,22.6,32.7,107.2,141.6,330,0.327,0.357,0.354,0.33
RWAMAGANA,Kiziguro,26,18.9,20.6,26,18.9,20.6,17.3,82.6,0.7,100,4.17,rain,0,0,24.8,100.1,328.2,1018.7,76.2,8.7,224.7,19.5,8,22.8,22.6,22.6,22.6,32.2,106.6,141.2,330,0.322,0.355,0.353,0.33
RWAMAGANA,Kigabiro,28.1,18,22,28.6,18,22.1,17.2,76.4,0,0,0,,0,0,32.4,14.8,74.9,1019,65.3,8.8,259.8,22.5,9,22.7,22.6,22.6,22.6,32.3,106.7,142.2,329.5,0.323,0.356,0.356,0.33
RWAMAGANA,Kiziguro,29,17,22.7,28.8,17,22.7,15.9,69,0,0,0,,0,0,28.1,11.2,68.1,1018.6,40.3,9,240,20.8,9,23.2,22.8,22.6,22.6,31.7,106.7,142.6,329,0.317,0.356,0.357,0.329
NYAGATARE,NYAGATARE,29.1,14.4,23.2,28.8,14.4,23.2,15,63,0,0,0,,0,0,42.5,13,347.9,1018.2,60.2,9.6,212.5,18.3,8,20.8,20.7,20.3,20.3,34.9,114.5,156.5,404,0.349,0.382,0.391,0.404
NYAGATARE,NYAGATARE,25.1,18.9,20.5,25.1,18.9,20.5,17.1,81.9,0.7,100,4.17,rain,0,0,28.1,100.1,333.5,1018.7,76.8,8.9,218.9,19,8,21.1,20.7,20.3,20.3,35.1,113.4,156.2,404,0.351,0.378,0.39,0.404
Gatsibo,Gatsibo,29,18,23.1,28.8,18,23.1,15.5,64.4,0,0,0,,0,0,31.7,18.4,72.5,1019,60.9,9,269.6,23.3,10,20.8,20.7,20.2,20.2,36.2,117.9,163.4,400,0.362,0.393,0.409,0.4
RWAMAGANA,ERwaNten,29,18,23.2,28.8,18,23.2,15.6,64.2,0,0,0,,0,0,29.2,18.4,69.1,1018.9,60.7,8.8,251.8,21.9,9,23.1,22.8,22.6,22.6,30.9,106.2,142.4,329,0.309,0.354,0.356,0.329
RWAMAGANA,ERwaNten,29,19,23.1,29.1,19,23.3,17,69.7,0,0,0,,0,0,23.4,14.8,77,1018.9,56.2,8.7,248.9,21.5,9,23.3,22.9,22.6,22.6,30.2,105.8,142,329,0.302,0.353,0.355,0.329
NYANZA,NyagCyab,29,17,22.6,28.8,17,22.6,17.1,74.1,0.3,100,4.17,rain,0,0,32,18.4,32.6,1018.5,43.2,9.5,251.6,21.8,9,19.6,19.6,19.5,19.5,41.3,129.4,176.2,413,0.413,0.431,0.44,0.413
Gatsibo,Gatsibo,25.1,16.5,20.7,25.1,16.5,20.7,17.9,85.4,0.4,100,12.5,rain,0,0,22.3,11.2,155.7,1018.5,85.3,8,182,15.7,7,20.9,20.7,20.2,20.2,35.6,117.2,163,400,0.356,0.391,0.408,0.4
NYANZA,NyagCyab,30,16.5,23.2,30,16.5,23.2,15.5,65.5,0.7,100,16.67,rain,0,0,37.8,18.4,30.9,1016.9,55.4,9.8,265.1,23.1,10,19.9,19.6,19.5,19.5,40.8,128.3,175.2,413,0.408,0.428,0.438,0.413
Gatsibo,Gatsibo,26.3,16,20.9,26.3,16,20.9,17.8,83.7,2.125,100,4.17,rain,0,0,25.2,11.3,142.3,1018.5,69,8.6,221.8,19.2,8,20.9,20.7,20.2,20.2,35.5,116.6,161.2,400,0.355,0.389,0.403,0.4
RWAMAGANA,ERwaNten,26,16.4,20.8,26,16.4,20.8,15.9,75.6,3.1,100,100,rain,0,0,32.8,9.7,7.9,1014,56.5,,251.6,21.8,9,19,18.8,18.6,18.6,43.1,130.4,174.8,380,0.431,0.435,0.437,0.38
NYANZA,NyagCyab,31,17,23.5,30.1,17,23.3,14.3,59,0,0,0,,0,0,31.3,18.4,4.5,1019.2,44.8,9.8,281,24.4,10,20,19.8,19.5,19.5,39.8,126.6,173.8,413,0.398,0.422,0.435,0.413
RWAMAGANA,ERwaNten,27,17,21.3,28.2,17,21.3,18.1,83.6,3,100,4.17,rain,0,0,22,12,140.7,1018.4,66.8,8.5,218.7,19.1,8,23.2,23,22.6,22.6,29.9,105.4,141,329,0.299,0.351,0.353,0.329
NYAGATARE,NYAGATARE,28,18,21.8,28.3,18,21.8,16.9,76.2,0,0,0,,0,0,30.6,13.6,124.3,1019.1,66.3,9.2,263.1,22.8,9,21.4,20.9,20.3,20.3,36,112.5,155.6,404,0.36,0.375,0.389,0.404
Gatsibo,Gatsibo,29,19,23.1,29.1,19,23.1,16.7,71.1,0.058,100,4.17,rain,0,0,30.2,13,45.6,1018,54.4,8.3,243.3,21,9,21.5,21,20.2,20.2,35.3,116.3,161.2,400,0.353,0.388,0.403,0.4
NYANZA,NyagCyab,28,17,22.9,28.6,17,23,15.5,64.4,0,0,0,,0,0,24.5,14.8,314.3,1019.5,44,9.8,265.8,23,10,19.8,19.7,19.5,19.5,39.1,125.2,173.2,413,0.391,0.417,0.433,0.413
NYAGATARE,NYAGATARE,26.8,16.5,21.3,27.1,16.5,21.4,16.2,75.2,1.4,100,33.33,rain,0,0,33.1,12.2,49.1,1014.1,75.5,,265.1,23.1,10,18.5,18.6,18.6,18.6,42.7,129.9,174.6,380.9,0.427,0.433,0.437,0.381
Moyenne Globale,Moyenne Globale,26,16.1,20.3,26,16.1,20.3,17.7,86.4,0,0,0,,0,0,29.9,22.3,101.5,1019,71.1,7.8,177.3,15.3,7,22.6,22.5,21.7,21.7,33.7,106.7,147.4,353,0.337,0.356,0.368,0.353
Moyenne Globale,Moyenne Globale,25,16.7,20.6,25,16.7,20.6,18.3,87.7,0.1,100,4.17,rain,0,0,32.4,13,119.9,1019.5,70.1,9.3,256.9,22.2,9,21.8,22,21.7,21.7,36.1,107.3,147.7,353,0.361,0.358,0.369,0.353
RUSIZI,Bugarama,27.1,12.3,17.8,28.6,12.3,17.9,14.7,83.7,3.4,100,83.33,rain,0,0,29.5,46.4,289.1,1013,70.2,7.8,254.4,21.8,9,21.9,21.6,21.4,21.4,29.6,96.1,134.1,317,0.296,0.32,0.335,0.317
RUSIZI,Bugarama,30.1,14,21.3,32.6,14,22.2,17.7,82,3.1,100,33.33,rain,0,0,30.6,44.6,193.8,1012.6,73.6,8.4,222.8,19.2,8,21.7,21.6,21.4,21.4,29.8,96.4,134.2,317,0.298,0.321,0.335,0.317
RUSIZI,Bugarama,21.5,13.3,16.9,21.5,13.3,16.9,14.1,85.3,2.6,100,87.5,rain,0,0,26.6,10.8,309.6,1014.4,83.7,,268.3,23.2,10,22.3,21.8,21.4,21.4,29.7,95.7,132.8,318,0.297,0.319,0.332,0.318
RUSIZI,Bugarama,21.5,12.5,16.6,21.5,12.5,16.6,14,86.2,4.5,100,100,rain,0,0,28.8,10.1,306.2,1015.1,67.6,,266.9,23.1,9,22.3,22,21.4,21.4,28.8,94.1,131,318,0.288,0.314,0.328,0.318
RUSIZI,Bugarama,25.1,11.7,15.6,25.1,11.7,15.6,14.1,91.1,8.4,100,87.5,rain,0,0,35.6,22,251.8,1014.1,95.3,8,143,12.6,5,21.9,21.8,21.4,21.4,29.3,94.1,131.2,318,0.293,0.314,0.328,0.318
NYAGATARE,Rwempashya,25.8,14.2,19.9,25.8,14.2,19.9,16,80.1,3.2,100,50,rain,0,0,36.7,16.2,352.9,1012.5,44.3,,275.1,23.6,9,21.2,20.6,20.3,20.3,38.8,119.6,159.5,405,0.388,0.399,0.399,0.405
NYAGATARE,Rwempashya,27,15.1,20.8,27.5,15.1,20.9,16,76.4,0,0,0,,0,0,34.6,16.6,23.6,1012.5,64.2,,292.6,25.3,10,21.2,20.8,20.3,20.3,37.6,118.1,158.4,405,0.376,0.394,0.396,0.405
NYAGATARE,Rwempashya,28.1,14.1,20.6,27.7,14.1,20.6,13.9,69.4,0,0,0,,0,0,35.3,18.4,355.4,1013,62.2,,303.6,26.2,10,21.1,20.8,20.3,20.3,36.4,116.6,157.8,405,0.364,0.389,0.394,0.405
NYAGATARE,Rwempashya,27.8,13.7,20.7,27.7,13.7,20.7,15.4,74.7,0.2,100,8.33,rain,0,0,31.3,15.8,335.5,1013.6,67.6,,293.8,25.5,10,20.9,20.7,20.3,20.3,35.6,115.7,157.2,404.4,0.356,0.386,0.393,0.404
RUSIZI,Rusizi,21.5,12.3,16.6,21.5,12.3,16.6,13.6,84.3,4.1,100,100,rain,0,0,31,9.4,324.5,1013.5,63.5,,254.4,21.8,9,21.3,21.1,21.2,21.2,34.7,101.6,119.4,270,0.347,0.339,0.299,0.27
RUSIZI,Rusizi,21.9,14,17.2,21.9,14,17.2,13.9,82.6,3.4,100,45.83,rain,0,0,34.6,7.9,18.2,1013.7,84.5,,222.8,19.2,8,21.1,21,21.2,21.2,34.1,101.4,119.8,270,0.341,0.338,0.3,0.27
RUSIZI,Rusizi,21.5,13.3,16.9,21.5,13.3,16.9,14.1,85.3,2.6,100,87.5,rain,0,0,29.5,10.8,309.6,1014.9,83.7,,268.3,23.2,10,21.7,21.2,21.2,21.2,33.4,100.9,119.8,271,0.334,0.336,0.299,0.271
RUSIZI,Rusizi,21.5,12.5,16.6,21.5,12.5,16.6,14,86.2,4.5,100,100,rain,0,0,22,10.1,306.2,1015.8,67.6,,266.9,23.1,9,21.5,21.3,21.2,21.2,32.4,99.8,118.8,271,0.324,0.333,0.297,0.271
GASABO,Plateau du Bumbogo Buliza,29.1,15.9,23.3,28.8,15.9,23.2,15.1,62.8,0.1,100,4.17,rain,0,0,42.5,13,343.6,1018.2,60.3,9.6,188.8,16.2,8,21.8,21.6,21.6,21.6,37.1,117.9,160.1,392.6,0.371,0.393,0.4,0.393
GASABO,Plateau du Bumbogo Buliza,26,18.9,20.6,26,18.9,20.6,17.3,82.6,0.7,100,4.17,rain,0,0,26.6,100.1,328.4,1018.7,76.3,8.7,190.7,16.5,7,21.8,21.7,21.6,21.6,37.3,117.2,159.8,392,0.373,0.391,0.4,0.392
Huye,DorGran PlatSud,24.6,14.3,19.6,24.6,14.3,19.6,15.7,80.2,2.3,100,70.83,rain,0,0,27.4,10.4,283.2,1014.3,78.2,,227.2,19.6,9,20.8,20.5,20.3,20.3,35.5,117.8,169,403,0.355,0.393,0.422,0.403
Huye,DorGran PlatSud,22.1,16.3,18.4,22.1,16.3,18.4,15.9,86.4,5.2,100,95.83,rain,0,0,25.9,11.9,322.1,1014.2,97.6,,126.8,11.2,6,21.2,20.7,20.3,20.3,35.5,117.4,168.2,403,0.355,0.391,0.42,0.403
Huye,DorGran PlatSud,23.5,15.5,18.8,23.5,15.5,18.8,15.3,81.2,2.1,100,87.5,rain,0,0,19.8,13,28.7,1014.5,83.6,,206.2,17.8,7,21.3,20.8,20.3,20.3,35.2,117.3,167.6,403,0.352,0.391,0.419,0.403
Tanga,Kabuku,31,18,23.6,30.1,18,23.5,14.3,58.8,0,0,0,,0,0,31.3,16.6,6.4,1017.6,54.6,10,227.1,19.5,9,21.4,21.1,20.4,20.4,31.9,108.9,153.2,403,0.319,0.363,0.383,0.403
Huye,DorGran PlatSud,25.2,14.4,19.5,25.2,14.4,19.5,14.8,75.9,0.5,100,20.83,rain,0,0,26.3,10.8,44,1013.9,88.6,,277.5,24,9,21.4,21,20.3,20.3,34.7,116.8,167.3,403,0.347,0.389,0.418,0.403
Huye,DorGran PlatSud,25.1,15.1,19.9,25.1,15.1,19.9,15,75.4,0.4,100,16.67,rain,0,0,30.6,16.6,14.6,1013.4,90.2,,245.6,21.1,9,21.7,21.1,20.3,20.3,34.3,116.3,166.9,403,0.343,0.388,0.417,0.403
Huye,DorGran PlatSud,24.9,14.5,20.3,24.9,14.5,20.3,14.6,71.7,0.2,100,8.33,rain,0,0,29.5,11.5,323.8,1013,84.4,,235.8,20.4,9,21.8,21.3,20.3,20.3,34,115.7,166.3,403,0.34,0.386,0.416,0.403
GASABO,Plateau du Bumbogo Buliza,28,18,22,28.6,18,22.1,17.2,76.4,0,0,0,,0,0,30.6,14.7,76.2,1019,65.4,8.8,251.1,21.8,9,21.8,21.6,21.6,21.6,38.4,117.5,161,392,0.384,0.392,0.403,0.392
GASABO,Plateau du Bumbogo Buliza,29,16.1,22.5,28.8,16.1,22.5,15.8,69.2,0.12,100,4.17,rain,0,0,21.2,11.1,69.9,1018.6,40.9,9,239.4,20.7,8,22,21.8,21.6,21.6,37.7,117.5,161.2,392,0.377,0.392,0.403,0.392
Moyenne Globale,Moyenne Globale,23,15.2,19.1,23,15.2,19.1,17.7,91.9,0.2,100,8.33,rain,0,0,32,11.2,264.1,1020.3,59.9,8.6,233.7,20.2,9,21.3,21.8,21.7,21.7,38.8,110.5,147.9,353,0.388,0.368,0.37,0.353
Moyenne Globale,Moyenne Globale,30,15,21.6,30.8,15,21.7,16.8,77.5,0.1,100,4.17,rain,0,0,22.7,9.4,80.1,1017.8,48.4,8.8,216.3,18.8,8,21.8,21.7,21.7,21.7,39.4,113.3,147.3,353,0.394,0.378,0.368,0.353
Moyenne Globale,Moyenne Globale,24,16,19.2,24,16,19.2,17.9,92.7,12,100,4.17,rain,0,0,38.9,18.4,188.8,1017.9,55.6,9.1,215.3,18.4,8,21.2,21.7,21.7,21.7,41,115.9,146.9,353,0.41,0.386,0.367,0.353
Moyenne Globale,Moyenne Globale,24,14.3,18.7,24,14.3,18.7,17.2,91.7,0,0,0,,0,0,27,14.8,145.5,1017.9,70.4,6.9,178.1,15.6,7,20.9,21.2,21.7,21.7,41.1,117.8,147.2,353,0.411,0.393,0.368,0.353
Moyenne Globale,Moyenne Globale,28,15,20.4,28.6,15,20.5,17.3,84.6,0,0,0,,0,0,28.1,18.4,110.9,1018.8,54,7.7,302.3,26.2,10,21.3,21.4,21.7,21.7,39.9,116.5,147,353,0.399,0.388,0.367,0.353
Moyenne Globale,Moyenne Globale,31,16.7,23.6,29.7,16.7,23.3,15.2,65.6,0.1,100,4.17,rain,0,0,24.5,16.6,61.9,1017.1,45.3,9.1,312.2,26.9,10,21.9,21.6,21.7,21.7,38.7,115.2,146.8,352.6,0.387,0.384,0.367,0.353
GASABO,Plateau du Bumbogo Buliza,29,18,23.2,28.8,18,23.2,15.6,64.2,0,0,0,,0,0,24.1,18.4,69.3,1018.9,60.8,8.8,260,22.5,9,21.9,21.8,21.6,21.6,37.1,117,160.8,392,0.371,0.39,0.402,0.392
GASABO,Plateau du Bumbogo Buliza,29,19,23.1,29.1,19,23.3,17,69.7,0,0,0,,0,0,16.6,14.8,77,1018.9,56.2,8.7,244.2,21,9,22,21.8,21.6,21.6,36.3,116.4,160.2,392,0.363,0.388,0.401,0.392
NYAMASHEKE,BAS-Fonds de la Dorsale Granitique,30,16.1,22.4,30,16.1,22.4,14.7,63.5,0,0,0,,0,0,28.8,13,22,1018.4,55.5,9.9,218.4,19,7,16.6,16.5,16.4,16.4,45.8,138.3,182.3,482.5,0.458,0.461,0.456,0.483
NYAMASHEKE,BAS-Fonds de la Dorsale Granitique,31,17.2,23.3,30.1,17.2,23.2,14.8,61.8,0.1,100,4.17,rain,0,0,26.3,16.6,3.8,1018.1,56.6,10.2,238,20.4,8,16.2,16.2,16.4,16.4,44.8,137.1,182.4,482,0.448,0.457,0.456,0.482
NYAMASHEKE,BAS-Fonds de la Dorsale Granitique,28,14.2,21.6,28.3,14.2,21.7,15.1,68.3,0.5,100,12.5,rain,0,0,33.1,13,296.9,1017.5,64.8,8.9,210.4,18.2,8,16.8,16.5,16.4,16.4,44.1,135,180.9,481.9,0.441,0.45,0.452,0.482
NYAMASHEKE,BAS-Fonds de la Dorsale Granitique,31,12.8,23.9,29.8,12.8,23.7,14.1,58.1,0,0,0,,0,0,25.2,11.2,31.6,1017.4,47.9,9,231,19.9,8,16.8,16.5,16.4,16.4,43.5,133.4,179.2,481,0.435,0.445,0.448,0.481
NYAMASHEKE,BAS-Fonds de la Dorsale Granitique,30,15.2,22.1,29.7,15.2,22.2,15.5,67.6,0.2,100,4.17,rain,0,0,29.2,22.3,227.4,1018.5,72.8,8.8,225.7,19.4,7,17.3,16.8,16.4,16.4,43.2,132.1,177.5,480.8,0.432,0.44,0.444,0.481
GASABO,Plateau du Bumbogo Buliza,25.1,18,20.7,25.1,18,20.7,18,85.8,0.7,100,12.5,rain,0,0,16.6,11.2,161,1018.5,86.1,8,144.2,12.5,5,21.9,21.8,21.6,21.6,36.1,116,159.5,392,0.361,0.387,0.399,0.392
NYAMASHEKE,BAS-Fonds de la Dorsale Granitique,28,17,22.1,28.3,17,22.2,17,74.7,1,100,4.17,rain,0,0,26.6,13.4,198.2,1019,58.1,7.8,239.3,20.7,9,17.3,16.9,16.4,16.4,42.4,130.5,175.6,480,0.424,0.435,0.439,0.48
GASABO,Plateau du Bumbogo Buliza,27,17,21.2,28.2,17,21.3,18.1,84.1,2.949,100,4.17,rain,0,0,19.8,12,140.9,1018.5,66.7,8.5,222.6,19.2,8,22.3,21.9,21.6,21.6,35.8,115.7,159.2,392,0.358,0.386,0.398,0.392
Moyenne Globale,Moyenne Globale,31,18.6,24.2,30.1,18.6,24.2,16,62.6,0.2,100,8.33,rain,0,0,26.3,16.6,98.3,1015.8,39.4,9.6,288.3,24.9,10,22.3,21.9,21.7,21.7,37.4,113.7,146.4,352.4,0.374,0.379,0.366,0.352
Moyenne Globale,Moyenne Globale,29.2,17.4,23.1,29.1,17.4,23.1,16.2,68,1.1,100,20.83,rain,0,0,26.3,11.2,103.5,1015.2,56.7,9.7,251.4,21.7,9,22.2,22,21.7,21.7,36.3,112.1,145.8,352,0.363,0.374,0.365,0.352
Moyenne Globale,Moyenne Globale,31.9,17,22.7,31.6,17,22.8,16.7,71.7,0.2,100,4.17,rain,0,0,25.2,25.9,68.6,1017.8,54.2,9.5,273.9,23.8,9,22.5,22.1,21.7,21.7,36,110.9,145.4,352,0.36,0.37,0.363,0.352
Moyenne Globale,Moyenne Globale,30,15,22.6,29.7,15,22.7,15.7,68.9,0,0,0,,0,0,23.4,14.8,95.5,1018.5,47.6,9.9,303.3,26.2,10,22.7,22.2,21.7,21.7,36.6,110.8,145.8,352,0.366,0.369,0.364,0.352
Moyenne Globale,Moyenne Globale,31,17,23.6,30.6,17,23.7,15.7,63.7,0,0,0,,0,0,26.6,13,61.8,1017.2,34.8,9.9,288.2,24.9,10,22.6,22.2,21.7,21.7,35.6,110.1,145.5,352,0.356,0.367,0.364,0.352
Moyenne Globale,Moyenne Globale,31,17,23.5,31,17,23.6,16.1,65.6,0,0,0,,0,0,29.5,14.8,158.5,1016.3,49.4,10,261.4,22.5,10,22.9,22.4,21.7,21.7,34.7,109.4,145.5,352,0.347,0.365,0.364,0.352
Musanze,Musanze,30.2,17,22.9,30.5,17,23,17.6,74.8,0,0,0,,0,0,28.1,18.4,124.5,1017.1,55.8,10,230.4,20,8,17.7,17.6,17.5,17.5,43.1,134.9,184.3,460,0.431,0.45,0.461,0.46
Musanze,Musanze,28,17.9,21.2,28.3,17.9,21.2,16.3,76,0,0,0,,0,0,28.1,13,228.6,1019.4,68.6,10,251.4,21.8,9,17.8,17.7,17.5,17.5,42.6,133.4,183.6,460,0.426,0.445,0.459,0.46
Musanze,Musanze,26.1,15.1,21,26.1,15.1,21,15.2,72,7,100,4.17,rain,0,0,23.8,7.6,181.9,1019.1,50.8,10.1,250.7,21.6,9,17.9,17.8,17.5,17.5,42,132.2,182.7,460,0.42,0.441,0.457,0.46
Musanze,Musanze,29,17.9,22.5,28.8,17.9,22.5,15.2,65,0,0,0,,0,0,25.9,18.4,65.5,1019.3,61.9,10.2,249.9,21.6,9,17.3,17.5,17.5,17.5,41.4,131.3,183.9,460,0.414,0.438,0.46,0.46
Musanze,Musanze,29,19,23,29.1,19,23.1,16.9,69.8,9.502,100,4.17,rain,0,0,24.1,14.8,83.6,1019.2,57.3,8.7,263.6,22.8,9,17.3,17.5,17.5,17.5,41,130.6,183.4,460,0.41,0.435,0.458,0.46
Musanze,Musanze,25,17.2,20.5,25,17.2,20.5,17.7,85.4,0.9,100,12.5,rain,0,0,23,14.8,180.4,1019,85.7,8,157.7,13.5,5,17.7,17.5,17.5,17.5,41.9,130.2,182.4,460,0.419,0.434,0.456,0.46
Musanze,Musanze,24,14.1,20.1,24,14.1,20.1,16.3,80.1,0.2,100,8.33,rain,0,0,21.2,9.7,108.8,1019,76.1,9.5,195,16.7,8,18.1,17.8,17.5,17.5,43.4,131.8,181.7,460,0.434,0.439,0.454,0.46
Musanze,Musanze,29,18.2,22.6,28.8,18.2,22.6,16.4,71.5,0.2,100,4.17,rain,0,0,27.4,13,72.1,1018.5,56.2,8.7,267.8,23.1,9,18,17.8,17.5,17.5,42.2,131,181.2,459.5,0.422,0.437,0.453,0.46
BURERA,Gahunga,29,17,22.5,28.8,17,22.6,17.1,74.5,0.1,100,4.17,rain,0,0,35.3,18.4,30.7,1018.6,42.5,9.5,288.9,24.7,10,17.7,17.6,17.5,17.5,43.1,134.9,184.3,460,0.431,0.45,0.461,0.46
BURERA,Gahunga,30,14.2,22.7,30,14.2,22.7,15,65.4,0,0,0,,0,0,37.1,18.4,20.5,1017.2,54.3,9.8,285.1,24.6,10,17.8,17.7,17.5,17.5,42.6,133.4,183.6,460,0.426,0.445,0.459,0.46
BURERA,Gahunga,31,17,23.5,30.1,17,23.3,14.3,59,0,0,0,,0,0,33.5,18.4,7,1019.2,45.2,9.8,305.7,26.5,10,17.9,17.8,17.5,17.5,42,132.2,182.7,460,0.42,0.441,0.457,0.46
BURERA,Gahunga,28,17,22.9,28.6,17,23,15.5,64.4,0,0,0,,0,0,26.3,14.8,315.8,1019.5,45.8,9.8,293.8,25.4,10,17.3,17.5,17.5,17.5,41.4,131.3,183.9,460,0.414,0.438,0.46,0.46
BURERA,Gahunga,29.1,14.4,23.2,28.8,14.4,23.2,15,63,0,0,0,,0,0,42.5,13,347.9,1018.4,60.2,9.6,212.5,18.3,8,17.3,17.5,17.5,17.5,41,130.6,183.4,460,0.41,0.435,0.458,0.46
Burera,Gahunga,24,18.1,20.3,24,18.1,20.3,16.6,80.5,0.7,100,4.17,rain,0,0,23,100.1,341.7,1019,78.2,9.3,218.9,19,8,17.7,17.5,17.5,17.5,41.9,130.2,182.4,460,0.419,0.434,0.456,0.46
Burera,Gahunga,28,17.9,21.2,28.3,17.9,21.2,16.3,76,0,0,0,,0,0,28.1,13,224.5,1019.4,68.5,9.9,263.1,22.8,9,18.1,17.8,17.5,17.5,43.4,131.8,181.7,460,0.434,0.439,0.454,0.46
Burera,Gahunga,26.2,15.1,21,26.2,15.1,21,15.2,71.9,6.873,100,4.17,rain,0,0,23.8,7.6,174.6,1019.1,50.6,10,271,23.4,9,18,17.8,17.5,17.5,42.2,131,181.2,459.5,0.422,0.437,0.453,0.46
Burera,Gahunga,29,18,22.6,28.8,18,22.6,15.2,65,0,0,0,,0,0,25.9,18.4,68.1,1019.4,61.9,10.1,269.6,23.3,10,17.6,17.7,17.5,17.5,41.2,129.9,180.4,459,0.412,0.433,0.451,0.459
Burera,Gahunga,29,19,23,29.1,19,23.1,16.9,69.8,8.39,100,4.17,rain,0,0,24.1,14.8,82.5,1019.2,57.1,8.7,262.9,22.6,9,17.7,17.6,17.6,17.6,40.4,128.7,179.6,459,0.404,0.429,0.449,0.459
Burera,Burera,29,17,22.5,28.8,17,22.6,17.1,74.5,0.1,100,4.17,rain,0,0,37.8,18.4,30.7,1018.6,42.5,9.5,288.9,24.7,10,19,18.7,18.5,18.5,44.4,137.5,185.5,480.6,0.444,0.458,0.464,0.481
Burera,Burera,30,14.2,22.7,30,14.2,22.7,15,65.4,0,0,0,,0,0,38.9,18.4,20.5,1017.2,54.3,9.8,285.1,24.6,10,19,18.8,18.5,18.5,43.7,136.2,184.8,480,0.437,0.454,0.462,0.48
Burera,Burera,31,17,23.5,30.1,17,23.3,14.3,59,0,0,0,,0,0,35.3,18.4,7,1019.2,45.2,9.8,305.7,26.5,10,18.9,18.8,18.5,18.5,43,134.9,184.2,480,0.43,0.45,0.46,0.48
Burera,Burera,28,17,22.9,28.6,17,23,15.5,64.4,0,0,0,,0,0,28.1,14.8,315.8,1019.5,45.8,9.8,293.8,25.4,10,18.6,18.6,18.5,18.5,42.3,134.3,184.8,480,0.423,0.448,0.462,0.48
Burera,Burera,29.1,14.4,23.2,28.8,14.4,23.2,15,63,0,0,0,,0,0,42.5,13,347.9,1018.3,60.2,9.6,212.5,18.3,8,18.6,18.6,18.5,18.5,41.7,133.1,184,480,0.417,0.444,0.46,0.48
Burera,Burera,24.5,18.9,20.4,24.5,18.9,20.4,17,81.4,0.7,100,4.17,rain,0,0,23,100.1,336.4,1018.8,77.2,9,218.9,19,8,18.8,18.7,18.5,18.5,43.3,132.7,183,480,0.433,0.442,0.458,0.48
Burera,Burera,28,18,21.6,28.3,18,21.6,16.7,76.1,0,0,0,,0,0,30.6,13,159,1019.3,67,9.4,263.1,22.8,9,19.3,18.9,18.5,18.5,45.4,135.2,182.1,480,0.454,0.451,0.455,0.48
Burera,Burera,27.5,15.7,21.7,27.5,15.7,21.7,15.5,70.6,4.8,100,4.17,rain,0,0,23.8,8.4,100.1,1019,46.7,9.6,271,23.4,9,19.1,18.9,18.5,18.5,44.1,134.6,181.8,479.2,0.441,0.449,0.455,0.479
Burera,Burera,29,18,22.8,28.8,18,22.9,15.4,64.6,0,0,0,,0,0,27.7,18.4,78.5,1019.2,61.5,9.5,269.6,23.3,10,18.8,18.8,18.5,18.5,43.2,133.7,181.4,479,0.432,0.446,0.454,0.479
Burera,Burera,29,19,23.1,29.1,19,23.2,16.9,69.7,4.036,100,4.17,rain,0,0,20.9,14.8,78.7,1019.1,56.5,8.7,262.9,22.6,9,18.9,18.7,18.5,18.5,42.4,132.6,180.8,479,0.424,0.442,0.452,0.479
Burera,Burera,25,16.5,20.7,25,16.5,20.7,17.8,85.2,0.4,100,12.5,rain,0,0,19.8,11.2,157,1018.8,85.2,8,182,15.7,7,18.8,18.8,18.5,18.5,41.8,132.2,181.6,479,0.418,0.441,0.454,0.479
Burera,Burera,25,15.5,20.5,25,15.5,20.5,17.1,82.1,0.826,100,4.17,rain,0,0,22,9.7,140.6,1018.9,72.1,9,221.8,19.2,8,19.3,18.9,18.5,18.5,41.4,131.4,181.3,478.7,0.414,0.438,0.453,0.479
Hautes Terres du Buberuka,Hautes Terres du Buberuka,28,17.9,21.2,28.3,17.9,21.2,16.3,76,0,0,0,,0,0,28.1,13,228.6,1019.4,68.6,10,237.4,20.5,8,18.1,17.8,17.5,17.5,43.4,131.8,181.7,460,0.434,0.439,0.454,0.46
Hautes Terres du Buberuka,Hautes Terres du Buberuka,26.1,15.1,21,26.1,15.1,21,15.2,72,7,100,4.17,rain,0,0,23.8,7.6,181.9,1019.1,50.8,10.1,227.7,19.7,9,18,17.8,17.5,17.5,42.2,131,181.2,459.5,0.422,0.437,0.453,0.46
Hautes Terres du Buberuka,Hautes Terres du Buberuka,29,17.9,22.5,28.8,17.9,22.5,15.2,65,0,0,0,,0,0,25.9,18.4,65.5,1019.3,61.9,10.2,214.2,18.5,8,17.6,17.7,17.5,17.5,41.2,129.9,180.4,459,0.412,0.433,0.451,0.459
Hautes Terres du Buberuka,Hautes Terres du Buberuka,29,19,23,29.1,19,23.1,16.9,69.8,9.502,100,4.17,rain,0,0,24.1,14.8,83.6,1019.2,57.3,8.7,242.6,20.9,8,17.7,17.6,17.6,17.6,40.4,128.7,179.6,459,0.404,0.429,0.449,0.459
Hautes Terres du Buberuka,Hautes Terres du Buberuka,25,14.1,20.4,25,14.1,20.4,17.2,84,0,0,0,,0,0,23,11.2,167.4,1019,83.2,8,190.2,16.5,7,17.6,17.6,17.6,17.6,39.7,127.9,179.8,459,0.397,0.426,0.45,0.459
Hautes Terres du Buberuka,Hautes Terres du Buberuka,24,13,19.9,24,13,19.9,16.2,80.2,0,0,0,,0,0,21.2,7.6,164.8,1019,76,9.5,201.4,17.4,8,17.9,17.7,17.6,17.6,39.2,127,179.2,459,0.392,0.423,0.448,0.459
Hautes Terres du Buberuka,Hautes Terres du Buberuka,29,18.2,22.5,28.8,18.2,22.5,16.3,71.3,0.2,100,4.17,rain,0,0,27.4,13,68.4,1018.5,56.3,8.7,215.9,18.6,8,18.1,17.9,17.6,17.6,38.7,126.2,178.6,459,0.387,0.421,0.447,0.459
Hautes Terres du Buberuka,Hautes Terres du Buberuka,30,15.1,22.1,30,15.1,22.1,14.3,63.2,0,0,0,,0,0,33.1,13,31.1,1018.3,52.9,10.2,214.2,18.4,7,17.8,17.7,17.6,17.6,37.5,124.1,177.1,458,0.375,0.414,0.443,0.458
Hautes Terres du Buberuka,Hautes Terres du Buberuka,31,16.5,23.2,30.1,16.5,23.1,14.3,60.1,0,0,0,,0,0,29.5,16.6,10.9,1018,57.8,10.1,229.6,20,8,18.2,17.9,17.6,17.6,36.9,123.2,176.4,458,0.369,0.411,0.441,0.458
BURERA,Ruhunde,29,17,22.5,28.8,17,22.6,17.1,74.5,0.1,100,4.17,rain,0,0,37.8,18.4,30.7,1018.6,42.5,9.5,288.9,24.7,10,19,18.7,18.5,18.5,44.4,137.5,185.5,480.6,0.444,0.458,0.464,0.481
BURERA,Ruhunde,30,14.2,22.7,30,14.2,22.7,15,65.4,0,0,0,,0,0,38.9,18.4,20.5,1017.2,54.3,9.8,285.1,24.6,10,19,18.8,18.5,18.5,43.7,136.2,184.8,480,0.437,0.454,0.462,0.48
BURERA,Ruhunde,31,17,23.5,30.1,17,23.3,14.3,59,0,0,0,,0,0,35.3,18.4,7,1019.2,45.2,9.8,305.7,26.5,10,18.9,18.8,18.5,18.5,43,134.9,184.2,480,0.43,0.45,0.46,0.48
BURERA,Ruhunde,28,17,22.9,28.6,17,23,15.5,64.4,0,0,0,,0,0,28.1,14.8,315.8,1019.5,45.8,9.8,293.8,25.4,10,18.6,18.6,18.5,18.5,42.3,134.3,184.8,480,0.423,0.448,0.462,0.48
BURERA,Ruhunde,29.1,14.4,23.2,28.8,14.4,23.2,15,63,0,0,0,,0,0,42.5,13,347.9,1018.3,60.2,9.6,212.5,18.3,8,18.6,18.6,18.5,18.5,41.7,133.1,184,480,0.417,0.444,0.46,0.48
Burera,Gahunga,29,17,22.5,28.8,17,22.6,17.1,74.5,0.1,100,4.17,rain,0,0,35.3,18.4,30.7,1018.6,42.5,9.5,288.9,24.7,10,17.7,17.6,17.5,17.5,43.1,134.9,184.3,460,0.431,0.45,0.461,0.46
Burera,Gahunga,30,14.2,22.7,30,14.2,22.7,15,65.4,0,0,0,,0,0,37.1,18.4,20.5,1017.2,54.3,9.8,285.1,24.6,10,17.8,17.7,17.5,17.5,42.6,133.4,183.6,460,0.426,0.445,0.459,0.46
Burera,Gahunga,31,17,23.5,30.1,17,23.3,14.3,59,0,0,0,,0,0,33.5,18.4,7,1019.2,45.2,9.8,305.7,26.5,10,17.9,17.8,17.5,17.5,42,132.2,182.7,460,0.42,0.441,0.457,0.46
Burera,Gahunga,28,17,22.9,28.6,17,23,15.5,64.4,0,0,0,,0,0,26.3,14.8,315.8,1019.5,45.8,9.8,293.8,25.4,10,17.3,17.5,17.5,17.5,41.4,131.3,183.9,460,0.414,0.438,0.46,0.46
Burera,Gahunga,29.1,14.4,23.2,28.8,14.4,23.2,15,63,0,0,0,,0,0,42.5,13,347.9,1018.4,60.2,9.6,212.5,18.3,8,17.3,17.5,17.5,17.5,41,130.6,183.4,460,0.41,0.435,0.458,0.46
BURERA,Rusarabuye,29,17,22.5,28.8,17,22.6,17.1,74.5,0.1,100,4.17,rain,0,0,35.3,18.4,30.7,1018.6,42.5,9.5,288.9,24.7,10,17.7,17.6,17.5,17.5,43.1,134.9,184.3,460,0.431,0.45,0.461,0.46
Burera,Rusarabuye,30,14.2,22.7,30,14.2,22.7,15,65.4,0,0,0,,0,0,37.1,18.4,20.5,1017.2,54.3,9.8,285.1,24.6,10,17.8,17.7,17.5,17.5,42.6,133.4,183.6,460,0.426,0.445,0.459,0.46
Burera,Rusarabuye,31,17,23.5,30.1,17,23.3,14.3,59,0,0,0,,0,0,33.5,18.4,7,1019.2,45.2,9.8,305.7,26.5,10,17.9,17.8,17.5,17.5,42,132.2,182.7,460,0.42,0.441,0.457,0.46
Burera,Rusarabuye,28,17,22.9,28.6,17,23,15.5,64.4,0,0,0,,0,0,26.3,14.8,315.8,1019.5,45.8,9.8,293.8,25.4,10,17.3,17.5,17.5,17.5,41.4,131.3,183.9,460,0.414,0.438,0.46,0.46
Burera,Rusarabuye,29.1,14.4,23.2,28.8,14.4,23.2,15,63,0,0,0,,0,0,42.5,13,347.9,1018.4,60.2,9.6,212.5,18.3,8,17.3,17.5,17.5,17.5,41,130.6,183.4,460,0.41,0.435,0.458,0.46
NYAMAGABE,Nyamagabe,26,16.4,20.8,26,16.4,20.8,15.9,75.6,3.1,100,100,rain,0,0,32.8,9.7,7.9,1014,56.5,,251.6,21.8,9,18.3,18.5,18.6,18.6,43.7,131.7,175.2,378,0.437,0.439,0.438,0.378
NYAMAGABE,Nyamagabe,26.8,16.5,21.3,27.1,16.5,21.4,16.2,75.2,1.4,100,33.33,rain,0,0,33.1,12.2,49.1,1014.1,75.5,,265.1,23.1,10,18.9,18.6,18.6,18.6,43.4,131.4,175.1,379,0.434,0.438,0.438,0.379
NYAMAGABE,Nyamagabe,26.9,16,21.4,27,16,21.4,15.5,71.9,1.9,100,62.5,rain,0,0,32.4,11.2,357.4,1015,75.7,,281,24.4,10,19,18.8,18.6,18.6,43.1,130.4,174.8,380,0.431,0.435,0.437,0.38
NYAMAGABE,Nyamagabe,26.2,15.8,20.9,26.2,15.8,20.9,15.5,73.3,3.2,100,91.67,rain,0,0,30.6,9.4,319,1015.8,52.5,,265.8,23,10,18.5,18.6,18.6,18.6,42.7,129.9,174.6,380.9,0.427,0.433,0.437,0.381
NYAMAGABE,Nyamagabe,21.6,14.6,18.3,21.6,14.6,18.3,15.7,85.2,9.5,100,100,rain,0,0,29.9,16.6,261.9,1015,92.9,,135.7,11.8,4,18.5,18.6,18.6,18.6,42.4,128.8,173.9,381.8,0.424,0.429,0.435,0.382
NYAMAGABE,Nyamagabe,23.7,14,18.4,23.7,14,18.4,15.1,82,2.9,100,75,rain,0,0,29.9,14.8,313.8,1016.7,76.2,10.8,221,19,8,18.7,18.6,18.6,18.6,42,127.9,173.2,382.1,0.42,0.426,0.433,0.382
NYAMAGABE,Nyamagabe,25,16.3,20.5,25,16.3,20.5,15.2,73.2,1.5,100,54.17,rain,0,0,27.4,18.4,347.2,1015.6,53.9,13,219.3,19.1,7,18.6,18.6,18.6,18.6,41.9,127.7,172.6,383,0.419,0.426,0.432,0.383
NYAMAGABE,Nyamagabe,24.6,16.9,20.4,24.6,16.9,20.4,15.7,75.2,1.4,100,58.33,rain,0,0,28.1,9.4,73.8,1015.5,63.9,,205.5,17.7,7,18.3,18.5,18.6,18.6,41.7,127.7,172.6,383.2,0.417,0.426,0.432,0.383
Haute Terra Bufundu Bushira,Haute Terra Bufundu Bushira,25.3,15.2,19.7,25.3,15.2,19.7,15.6,80,3.4,100,79.17,rain,0,0,34.9,13,6.2,1012.9,50.1,,293.6,25.4,10,20.3,20.3,20.2,20.2,38.9,124.5,171.8,403,0.389,0.415,0.43,0.403
Haute Terra Bufundu Bushira,Haute Terra Bufundu Bushira,25.7,14.9,20,25.7,14.9,20,15.7,78.5,0.4,100,16.67,rain,0,0,39.6,13.3,31.6,1012.9,72.7,,285.1,24.7,10,20.6,20.3,20.2,20.2,38.6,124.1,171.6,403,0.386,0.414,0.429,0.403
Haute Terra Bufundu Bushira,Haute Terra Bufundu Bushira,26.4,13.9,20.3,26.4,13.9,20.3,14.3,71.2,0.5,100,20.83,rain,0,0,36.7,14,6.3,1013.4,69.8,,301.4,26.1,10,20.9,20.5,20.2,20.2,38,123.4,171.2,403,0.38,0.411,0.428,0.403
Haute Terra Bufundu Bushira,Haute Terra Bufundu Bushira,25.6,13.8,20.2,25.6,13.8,20.2,14.5,71.9,1,100,33.33,rain,0,0,28.4,13,315,1014,55.2,,270.6,23.4,10,20.5,20.4,20.2,20.2,37.4,122.5,170.8,403,0.374,0.408,0.427,0.403
Haute Terra Bufundu Bushira,Haute Terra Bufundu Bushira,23.3,14.5,18.7,23.3,14.5,18.7,15.2,81,10,100,100,rain,0,0,28.1,14.4,279.7,1013.4,86,,183.7,15.9,7,20.8,20.5,20.2,20.2,36.8,121.4,169.8,403,0.368,0.405,0.425,0.403
Haute Terra Bufundu Bushira,Haute Terra Bufundu Bushira,23.2,13.6,18,23.2,13.6,18,14.8,82.7,10.7,100,100,rain,0,0,25.6,10.1,330.7,1013.8,72.1,,185.4,16.1,8,20.8,20.6,20.2,20.2,36.6,120.6,169.6,403,0.366,0.402,0.424,0.403
Haute Terra Bufundu Bushira,Haute Terra Bufundu Bushira,24.3,14.4,19.3,24.3,14.4,19.3,14.8,76.9,1.4,100,54.17,rain,0,0,30.2,6.5,17.7,1014.5,40.1,,243.8,21.1,8,20.8,20.6,20.2,20.2,37.2,120.6,171,403,0.372,0.402,0.428,0.403
Haute Terra Bufundu Bushira,Haute Terra Bufundu Bushira,23.7,15,19.3,23.7,15,19.3,15,77.4,0.2,100,8.33,rain,0,0,25.9,10.8,79.5,1014.2,66,,214.6,18.5,7,20.6,20.5,20.2,20.2,36.8,120.1,170.9,403,0.368,0.4,0.427,0.403
Haute Terra Bufundu Bushira,Haute Terra Bufundu Bushira,25,15,19.9,25,15,19.9,15.4,77,0.7,100,29.17,rain,0,0,27.4,8.6,62.9,1014.5,44.9,,256.2,22.1,9,20.6,20.5,20.2,20.2,36.5,119.3,170.2,403,0.365,0.398,0.426,0.403
NYAMAGABE,Tare,26,16.4,20.8,26,16.4,20.8,15.9,75.6,3.1,100,100,rain,0,0,34.2,9.7,7.9,1014.6,56.5,,251.6,21.8,9,17.8,17.9,17.8,17.8,49,146.1,192.1,426,0.49,0.487,0.48,0.426
NYAMAGABE,Tare,26.8,16.5,21.3,27.1,16.5,21.4,16.2,75.2,1.4,100,33.33,rain,0,0,37.8,12.2,49.1,1014.4,75.5,,265.1,23.1,10,18.3,18,17.8,17.8,48.7,145.9,192.4,426.8,0.487,0.486,0.481,0.427
NYAMAGABE,Tare,26.9,16,21.4,27,16,21.4,15.5,71.9,1.9,100,62.5,rain,0,0,30.2,11.2,357.4,1015.1,75.7,,281,24.4,10,18.4,18.2,17.8,17.8,47.8,144.1,192,428,0.478,0.48,0.48,0.428
NYAMAGABE,Tare,26.2,15.8,20.9,26.2,15.8,20.9,15.5,73.3,3.2,100,91.67,rain,0,0,29.2,9.4,319,1016,52.5,,265.8,23,10,17.9,18,17.8,17.8,47.1,142.9,191.3,428,0.471,0.476,0.478,0.428
NYAMAGABE,Tare,21.6,14.6,18.3,21.6,14.6,18.3,15.7,85.2,9.5,100,100,rain,0,0,30.2,16.6,261.9,1015,92.9,,135.7,11.8,4,18,17.9,17.8,17.8,46.9,141.9,190.5,428.5,0.469,0.473,0.476,0.428
Nyamagabe,Tare,23.7,14,18.4,23.7,14,18.4,15.1,82,2.9,100,75,rain,0,0,29.2,14.8,313.8,1017,76.2,10.8,221,19,8,18,18,17.8,17.8,47.1,141.9,189.8,429,0.471,0.473,0.475,0.429
Nyamagabe,Tare,25,16.3,20.5,25,16.3,20.5,15.2,73.2,1.5,100,54.17,rain,0,0,29.2,18.4,347.2,1016,53.9,13,219.3,19.1,7,17.9,17.9,17.8,17.8,47.1,142.4,189.6,429,0.471,0.475,0.474,0.429
Nyamagabe,Tare,24.6,16.9,20.4,24.6,16.9,20.4,15.7,75.2,1.4,100,58.33,rain,0,0,26.3,9.4,73.8,1016,63.9,,205.5,17.7,7,17.7,17.9,17.8,17.8,46.7,141.7,189.8,429,0.467,0.472,0.475,0.429
Nyamagabe,Tare,25.8,16.7,20.7,25.8,16.7,20.7,16.1,76.3,14,100,8.33,rain,0,0,26.3,18.4,90.9,1016.2,61.8,10,229.4,19.7,8,17.9,17.8,17.8,17.8,46.3,140.6,189.4,429,0.463,0.469,0.473,0.429
Nyamagabe,Tare,24.4,16.2,20.1,24.4,16.2,20.1,16.4,81,3.2,100,79.17,rain,0,0,34.6,14.8,277.2,1016,88.4,15,213.2,18.4,7,17.9,17.9,17.8,17.8,46,139.7,188.8,429,0.46,0.466,0.472,0.429
Moyenne Globale,Moyenne Globale,26,18,21.2,26,18,21.2,18,83,0.2,100,4.17,rain,0,0,39.6,14.8,146.6,1018.6,55.5,9.5,267.2,23.3,9,22.8,22.5,21.8,21.8,33.9,108.7,146,352,0.339,0.362,0.365,0.352
Moyenne Globale,Moyenne Globale,29.1,16.1,22.6,29.1,16.1,22.6,16.5,72.1,0,0,0,,0,0,28.8,18.4,116.7,1016,60.2,9.5,271.3,23.4,10,21.9,22.2,21.8,21.8,36.4,108.9,146.8,352,0.364,0.363,0.367,0.352
Moyenne Globale,Moyenne Globale,31,15.9,23.4,31,15.9,23.4,15.8,65.6,0,0,0,,0,0,36,13,69.4,1015.7,51.3,10,237.7,20.5,9,22.4,22.1,21.8,21.8,37.8,109.7,146.9,352,0.378,0.366,0.367,0.352
Moyenne Globale,Moyenne Globale,33,16.1,24.8,32.3,16.1,24.6,15.8,62.3,0,0,0,,0,0,29.5,16.5,84,1016.1,45.7,9.9,128,11,5,22.5,22.3,21.8,21.8,36.9,109.4,146.8,352,0.369,0.365,0.367,0.352
Moyenne Globale,Moyenne Globale,30,18,21.4,30.4,18,21.4,17,77.4,0,0,0,,0,0,26.3,22.3,193.2,1015.5,63.9,9.7,95.7,8.4,3,22.5,22.3,21.8,21.8,36.2,108.5,146.2,352,0.362,0.362,0.365,0.352
Moyenne Globale,Moyenne Globale,32,16,23,31.3,16,22.9,16.1,70.3,0,0,0,,0,0,32,16.6,99.8,1015,43.7,9.8,265.1,22.9,9,22.5,22.3,21.8,21.8,35.1,108,145.9,352,0.351,0.36,0.365,0.352
Moyenne Globale,Moyenne Globale,26,15.2,21.7,26,15.2,21.7,17,75.7,0,0,0,,0,0,36.4,18.4,167,1018.4,49.9,10,247.1,21.4,9,22,22.2,21.8,21.8,34.3,107.4,145.6,352,0.343,0.358,0.364,0.352
Moyenne Globale,Moyenne Globale,29,17,22.3,29.5,17,22.4,17.4,76.6,0.2,100,4.17,rain,0,0,24.5,14.8,217.2,1019.3,50.4,9.9,221.4,19.1,9,22.1,22.1,21.8,21.8,34.2,107,145.8,352,0.342,0.357,0.365,0.352
Moyenne Globale,Moyenne Globale,86,62.6,73.3,86.7,62.6,73.6,62.9,73.1,0.008,100,4.17,rain,0,0,13.9,103.6,140.3,1017.7,50.3,6.1,235.2,20.3,10,22.3,22.1,21.8,21.8,34.3,107.3,147.9,352,0.343,0.358,0.37,0.352
